{
	"code": "wireplate",
	"class": "BlockWire",
	"entityclass": "BEEWire",
	"creativeinventory": {
		"general": [ "*" ],
		"qptech": [ "*" ]
	},
	"variantgroups": [
		{
			"code": "type",
			"states": [ "tin-2a-cross"]
		},
		
	],
	
	"attributesByType": {

		"*-tin-2a-cross": {
			"maxAmps": 32,
			"maxVolts": 16,
			"capacitance": 8,
			"receptionFaces": [ "north", "south", "east", "west" ],
			"distributionFaces": [ "north", "south", "east", "west" ]
		}
		
	},
	"shape": { "base": "block/metal/electric/wires/wireplate-{type}" },
	
	"textures": {
		"wires": { "base": "block/metal/wires/tin-wires" },
		"castiron": { "base": "block/castiron" }
	},
	"resistance": 1,
	"drawtype": "json",
	"faceCullMode": "NeverCull",
	"renderpass": "OpaqueNoCull",
	"sidesolid": { "all": false },
	"sideopaque": { "all": false },
	"emitSideAo": {
		"all": false,
		"up": true
	},
	"selectionBox": {
		"x1": 0,
		"y1": 0,
		"z1": 0,
		"x2": 1,
		"y2": 0.25,
		"z2": 1
	},
	"collisionBox": {
		"x1": 0,
		"y1": 0,
		"z1": 0,
		"x2": 1,
		"y2": 0.25,
		"z2": 1
	},
	"sounds": {
		"place": "game:block/anvil",
		"walk": "game:walk/stone"
	}
}