{
	"code": "gauge",
	"creativeinventory": {
		"general": [ "" ],
		"qptech": [ "" ]
	},
	
	"entityclass": "BETextureTest",
	"variantgroups": [
		{
			"code": "attachment",
			"states": [ "ground", "wall" ]
		},
		{
			"code": "side",
			"loadFromProperties": "abstract/horizontalorientation"
		}
	],
	"shapebytype": {
		"*-ground-north": {
			"base": "game:block/wood/sign",
			"rotateY": 0
		},
		"*-ground-east": {
			"base": "game:block/wood/sign",
			"rotateY": 270
		},
		"*-ground-south": {
			"base": "game:block/wood/sign",
			"rotateY": 180
		},
		"*-ground-west": {
			"base": "game:block/wood/sign",
			"rotateY": 90
		},
		"*-wall-north": {
			"base": "game:block/wood/signwall",
			"rotateY": 0
		},
		"*-wall-east": {
			"base": "game:block/wood/signwall",
			"rotateY": 270
		},
		"*-wall-south": {
			"base": "game:block/wood/signwall",
			"rotateY": 180
		},
		"*-wall-west": {
			"base": "game:block/wood/signwall",
			"rotateY": 90
		}
	},
	"blockmaterial": "Wood",
	"lightAbsorption": 0,
	"sidesolid": {
		"all": false
	},
	"sideopaque": {
		"all": false
	},
	"faceCullMode": "NeverCull",
	"replaceable": 500,
	"resistance": 3,
	"selectionboxbytype": {
		"*-ground-east": {
			"x1": 0.0625,
			"y1": 0,
			"z1": 0.1875,
			"x2": 0.9375,
			"y2": 0.875,
			"z2": 0.3125,
			"rotateY": 270
		},
		"*-ground-south": {
			"x1": 0.0625,
			"y1": 0,
			"z1": 0.1875,
			"x2": 0.9375,
			"y2": 0.875,
			"z2": 0.3125,
			"rotateY": 180
		},
		"*-ground-west": {
			"x1": 0.0625,
			"y1": 0,
			"z1": 0.1875,
			"x2": 0.9375,
			"y2": 0.875,
			"z2": 0.3125,
			"rotateY": 90
		},
		"*-ground-north": {
			"x1": 0.0625,
			"y1": 0,
			"z1": 0.1875,
			"x2": 0.9375,
			"y2": 0.875,
			"z2": 0.3125,
			"rotateY": 0
		},

		"*-wall-east": {
			"rotateY": 270,
			"x1": 0.0625,
			"y1": 0.3125,
			"z1": 0,
			"x2": 0.9375,
			"y2": 0.8125,
			"z2": 0.0625
		},
		"*-wall-south": {
			"rotateY": 180,
			"x1": 0.0625,
			"y1": 0.3125,
			"z1": 0,
			"x2": 0.9375,
			"y2": 0.8125,
			"z2": 0.0625
		},
		"*-wall-west": {
			"rotateY": 90,
			"x1": 0.0625,
			"y1": 0.3125,
			"z1": 0,
			"x2": 0.9375,
			"y2": 0.8125,
			"z2": 0.0625
		},
		"*-wall-north": {
			"rotateY": 0,
			"x1": 0.0625,
			"y1": 0.3125,
			"z1": 0,
			"x2": 0.9375,
			"y2": 0.8125,
			"z2": 0.0625
		}
	},
	"collisionboxbytype": {
		"*-ground-east": {
			"x1": 0.0625,
			"y1": 0,
			"z1": 0.1875,
			"x2": 0.9375,
			"y2": 0.875,
			"z2": 0.3125,
			"rotateY": 270
		},
		"*-ground-south": {
			"x1": 0.0625,
			"y1": 0,
			"z1": 0.1875,
			"x2": 0.9375,
			"y2": 0.875,
			"z2": 0.3125,
			"rotateY": 180
		},
		"*-ground-west": {
			"x1": 0.0625,
			"y1": 0,
			"z1": 0.1875,
			"x2": 0.9375,
			"y2": 0.875,
			"z2": 0.3125,
			"rotateY": 90
		},
		"*-ground-north": {
			"x1": 0.0625,
			"y1": 0,
			"z1": 0.1875,
			"x2": 0.9375,
			"y2": 0.875,
			"z2": 0.3125,
			"rotateY": 0
		},

		"*-wall-east": {
			"rotateY": 270,
			"x1": 0.0625,
			"y1": 0.3125,
			"z1": 0,
			"x2": 0.9375,
			"y2": 0.8125,
			"z2": 0.0625
		},
		"*-wall-south": {
			"rotateY": 180,
			"x1": 0.0625,
			"y1": 0.3125,
			"z1": 0,
			"x2": 0.9375,
			"y2": 0.8125,
			"z2": 0.0625
		},
		"*-wall-west": {
			"rotateY": 90,
			"x1": 0.0625,
			"y1": 0.3125,
			"z1": 0,
			"x2": 0.9375,
			"y2": 0.8125,
			"z2": 0.0625
		},
		"*-wall-north": {
			"rotateY": 0,
			"x1": 0.0625,
			"y1": 0.3125,
			"z1": 0,
			"x2": 0.9375,
			"y2": 0.8125,
			"z2": 0.0625
		}
	},
	"combustibleProps": {
		"burnTemperature": 600,
		"burnDuration": 10
	},
	"sounds": {
		"place": "block/planks",
		"hit": "block/planks",
		"break": "block/planks",
		"walk": "walk/wood"
	},
	"rainPermeable": true,
	"materialDensity": 600,
	"guiTransform": {
		"origin": {
			"x": 0.5,
			"y": 0.5,
			"z": 0.25
		}
	},
	"tpHandTransform": {
		"translation": {
			"x": -1,
			"y": 0.1,
			"z": -1.2
		},
		"rotation": {
			"x": 0,
			"y": 0,
			"z": -89
		},
		"origin": {
			"x": 0.5,
			"y": 0,
			"z": 0.5
		},
		"scale": 0.52
	},
	"groundTransform": {
		"translation": {
			"x": 0,
			"y": 0.24,
			"z": 0
		},
		"rotation": {
			"x": -90,
			"y": 0,
			"z": -11
		},
		"origin": {
			"x": 0.5,
			"y": 0,
			"z": 0.5
		},
		"scale": 3
	},
	"guiTransform": {
		"rotation": {
			"x": -22.6,
			"y": 135,
			"z": 0
		},
		"origin": {
			"x": 0.5,
			"y": 0.5,
			"z": 0.25
		},
		"scale": 1.72
	}
}