{
	"code": "electricfan",
	"class": "ElectricalBlock",
	"entityclass": "BEEHVAC",

	"behaviors": [
		{
			"name": "HorizontalOrientable",
			"properties": { "dropBlockFace": "east" }
		}
	],
	"variantgroups": [
		{
			"code": "type",
			"states": [ "lv" ]
		},
		{
			"code": "side",
			"loadFromProperties": "abstract/horizontalorientation"
		}
	],
	"creativeinventory": {
		"general": [ "*-east" ],
		"qptech": [ "*-east" ]
	},
	"blockmaterial": "Metal",
	"shape": { "base": "block/metal/electric/electricfan" },
	"shapeByType": {
		"*-north": {
			"base": "block/metal/electric/electricfan",
			"rotateY": 0
		},
		"*-east": {
			"base": "block/metal/electric/electricfan",
			"rotateY": 270
		},
		"*-west": {
			"base": "block/metal/electric/electricfan",
			"rotateY": 90
		},
		"*-south": {
			"base": "block/metal/electric/electricfan",
			"rotateY": 180
		}
	},
	"drawtype": "json",

	"resistance": 1,
	"sideopaque": {
		"all": true
	},
	"sounds": {
		"place": "game:block/anvil",
		"walk": "game:walk/stone"
	},
	"guiTransform": {
		"rotation": {
			"x": -8,
			"y": -81,
			"z": 3
		}
	}

}