{
	"code": "mpmotor",
	"class": "ElectricalBlock",
	"entityclass": "BEMPMotor",
	"creativeinventory": {
		
		"qptech": [ "*-east" ]
	},
	"variantgroups": [
		{
			"code": "type",
			"states": [ "test" ]
		},
		{
			"code": "side",
			"loadFromProperties": "abstract/horizontalorientation"
		}
	],
	"behaviors": [
		{
			"name": "HorizontalOrientable",
			"properties": { "dropBlockFace": "east" }
		}
	],
	"entityBehaviors": [ { "name": "BEBMPMotor" } ],
	"attributesbytype": {
		"*-test-*": {
			"maxFlux": 1

			
			
		},
		
	},
	"blockmaterial": "Metal",
	"drawtype": "json",
	"shape": { "base": "block/metal/electric/battery/primitive" },
	"shapeByType": {
		"*-north": {
			"base": "block/metal/electric/battery/primitive",
			"rotateY": 0
		},
		"*-east": {
			"base": "block/metal/electric/battery/primitive",
			"rotateY": 270
		},
		"*-west": {
			"base": "block/metal/electric/battery/primitive",
			"rotateY": 90
		},
		"*-south": {
			"base": "block/metal/electric/battery/primitive",
			"rotateY": 180
		}
	},
	"resistance": 1,
	"sideAo": { "all": false },
	"sidesolid": {
		"all": false
	},
	"sideopaque": {
		"all": false
	},
	"sounds": {
		"place": "game:block/anvil",
		"walk": "game:walk/stone"
	}
}