{
	"code": "firebox",
	"creativeinventory": {
		"general": [ "" ], "qptech": [ "" ]

	},
	"blockmaterial": "stone",
	"drawtype": "json",
	"shape": { "base": "block/stone/firebox" },
	"textures": {
		"walls": { "base": "block/generator/machinery-back" },
		"fireboxfront": { "base": "block/machinery-firebox" },
		"fireboxback": { "base": "block/machinery-firebox-back" },
		"frame": { "base": "block/generator/machinery-border-small" },
		"tinder": { "base": "game:block/hay/normal-side" },
		"stone": { "base": "game:block/stone/rock/shale1" },
		"ground": { base: "game:block/wood/firepit/ground" },
		"log": { base: "game:block/wood/firepit/log" },
		"brick": { "base": "game:block/stone/brick/shale1" }
	},
	"resistance": 1,
	"sideopaque": {
		"all": false
	},

	"sounds": {
		"place": "game:walk/stone",
		"walk": "game:walk/stone"
	}
}