{
	"editor": {
		"allAngles": false,
		"entityTextureMode": false
	},
	"textureWidth": 16,
	"textureHeight": 16,
	"textureSizes": {
	},
	"textures": {
		"roundgauge-0": "block/roundgauge-0",
		"roundgauge-50": "block/roundgauge-50",
		"roundgauge-100": "block/roundgauge-100"
	},
	"elements": [
		{
			"name": "Cube1",
			"from": [ 6.0, 0.0, 6.0 ], 
			"to": [ 10.0, 0.1, 10.0 ], 
			"rotationOrigin": [ 8.0, 0.0, 8.0 ],
			"faces": {
				"north": { "texture": "#roundgauge-0", "uv": [ 0.0, 0.0, 4.0, 0.5 ], "enabled": false },
				"east": { "texture": "#null", "uv": [ 0.0, 0.0, 4.0, 0.5 ], "enabled": false },
				"south": { "texture": "#null", "uv": [ 0.0, 0.0, 4.0, 0.5 ], "enabled": false },
				"west": { "texture": "#null", "uv": [ 0.0, 0.0, 4.0, 0.5 ], "enabled": false },
				"up": { "texture": "#roundgauge-0", "uv": [ 0.0, 0.0, 16.0, 16.0 ], "autoUv": false },
				"down": { "texture": "#null", "uv": [ 0.0, 0.0, 16.0, 16.0 ], "enabled": false, "autoUv": false }
			}
		}
	]}