{
	"code": "blastfurnace",
	
	"entityclass": "BEEBlastFurnace",
	"creativeinventory": {
		"general": [ "" ],
		"qptech": [ "" ]
	},
	"variantgroups": [
		{
			"code": "side",
			"loadFromProperties": "abstract/horizontalorientation"
		}
	],
	"behaviors": [
		{
			"name": "HorizontalOrientable",
			"properties": { "dropBlockFace": "east" }
		}
	],
	"attributes": {
		"maxAmps": 80,
		"maxVolts": 16,
		"capacitance": 40,
		"requiredAmps": 80,
		
	},
	"blockmaterial": "Metal",
	"drawtype": "json",

	"shape": { "base": "block/metal/electric/forge-lv" },
	"shapeByType": {
		"*-north": {
			"base": "block/metal/electric/forge-lv",
			"rotateY": 0
		},
		"*-east": {
			"base": "block/metal/electric/forge-lv",
			"rotateY": 270
		},
		"*-west": {
			"base": "block/metal/electric/forge-lv",
			"rotateY": 90
		},
		"*-south": {
			"base": "block/metal/electric/forge-lv",
			"rotateY": 180
		}
	},
	"resistance": 1,
	"sideAo": { "all": false },
	"sidesolid": {
		"all": false
	},
	"sideopaque": {
		"all": false
	},
	"sounds": {
		"place": "game:block/anvil",
		"walk": "game:walk/stone"
	},
	"selectionBox": {
		"x1": 0,
		"y1": 0.5625,
		"z1": 0,
		"x2": 1,
		"y2": 1,
		"z2": 1
	}
}