{
	"code": "clayformer",
	"class": "BlockClayformer",
	"entityclass": "BEEAssembler",
	"entityBehaviors": [ { "name": "Animatable" } ],
	"creativeinventory": {
		"general": [ "*-east" ],
		"qptech": [ "*-east" ]
	},
	"variantgroups": [
		{ code: "type", states: ["bowl", "clayplanter","flowerpot","ingotmold","blueshingle","fireshingle"] },
		{
			"code": "side",
			"loadFromProperties": "abstract/horizontalorientation"
		}
	],
	"behaviors": [
		{
			"name": "HorizontalOrientable",
			"properties": { "dropBlockFace": "east" }
		}
	],

	"attributesbytype": {
		"*-bowl-*": {
			"maxAmps": 2,
			"maxVolts": 16,
			"capacitance": 2,
			"requiredAmps": 2,
			"inputFace": "west",
			"outputFace": "east",
			"inputQuantity": 4,
			"outputQuantity": 1,
			"recipe": "game:bowl-raw",
			"ingredient": "clay",
			"processingTime": 0.17,
			"animationSpeed": 0.05

		},
		"*-clayplanter-*": {
			"maxAmps": 2,
			"maxVolts": 16,
			"capacitance": 2,
			"requiredAmps": 2,
			"inputFace": "west",
			"outputFace": "east",
			"inputQuantity": 12,
			"outputQuantity": 1,
			"recipe": "game:clayplanter-raw",
			"ingredient": "clay",
			"processingTime": 0.25,
			"animationSpeed": 0.04
		},
		"*-flowerpot-*": {
			"maxAmps": 2,
			"maxVolts": 16,
			"capacitance": 2,
			"requiredAmps": 2,
			"inputFace": "west",
			"outputFace": "east",
			"inputQuantity": 10,
			"outputQuantity": 1,
			"recipe": "game:flowerpot-raw",
			"ingredient": "clay",
			"processingTime": 0.25,
			"animationSpeed": 0.04
		},
		"*-ingotmold-*": {
			"maxAmps": 2,
			"maxVolts": 16,
			"capacitance": 2,
			"requiredAmps": 2,
			"inputFace": "west",
			"outputFace": "east",
			"inputQuantity": 4,
			"outputQuantity": 1,
			"recipe": "game:ingotmold-raw",
			"ingredient": "clay",
			"processingTime": 0.17,
			"animationSpeed": 0.05
		},
		"*-blueshingle-*": {
			"maxAmps": 2,
			"maxVolts": 16,
			"capacitance": 2,
			"requiredAmps": 2,
			"inputFace": "west",
			"outputFace": "east",
			"inputQuantity": 1,
			"outputQuantity": 1,
			"recipe": "game:shingle-raw-blue",
			"ingredient": "game:clay-blue",
			"processingTime": 0.17,
			"animationSpeed": 0.05
		},
		"*-fireshingle-*": {
			"maxAmps": 2,
			"maxVolts": 16,
			"capacitance": 2,
			"requiredAmps": 2,
			"inputFace": "west",
			"outputFace": "east",
			"inputQuantity": 1,
			"outputQuantity": 1,
			"recipe": "game:shingle-raw-fire",
			"ingredient": "game:clay-fire",
			"processingTime": 0.17,
			"animationSpeed": 0.05
		}

	},
	"blockmaterial": "Metal",
	"drawtype": "json",

	"shape": { "base": "block/metal/electric/clayformer" },
	"shapeByType": {
		"*-north": {
			"base": "block/metal/electric/clayformer",
			"rotateY": 0
		},
		"*-east": {
			"base": "block/metal/electric/clayformer",
			"rotateY": 270
		},
		"*-west": {
			"base": "block/metal/electric/clayformer",
			"rotateY": 90
		},
		"*-south": {
			"base": "block/metal/electric/clayformer",
			"rotateY": 180
		}
	},
	"resistance": 1,
	"sideAo": { "all": false },
	"sidesolid": {
		"all": false
	},
	"sideopaque": {
		"all": false
	},
	"sounds": {
		"place": "game:block/anvil",
		"walk": "game:walk/stone"
	}


}