{
	"editor": {
		"allAngles": false,
		"entityTextureMode": false
	},
	"textureWidth": 16,
	"textureHeight": 16,
	"textureSizes": {
	},
	"textures": {
		"castiron": "block/castiron"
	},
	"elements": [
		{
			"name": "element",
			"from": [ 1.0, 7.0, 9.0 ], 
			"to": [ 4.0, 8.0, 10.0 ], 
			"rotationOrigin": [ 1.0, 7.0, 9.0 ],
			"faces": {
				"north": { "texture": "#castiron", "uv": [ 0.0, 0.0, 3.0, 1.0 ] },
				"east": { "texture": "#castiron", "uv": [ 0.0, 0.0, 1.0, 1.0 ] },
				"south": { "texture": "#castiron", "uv": [ 0.0, 0.0, 3.0, 1.0 ] },
				"west": { "texture": "#castiron", "uv": [ 0.0, 0.0, 1.0, 1.0 ] },
				"up": { "texture": "#castiron", "uv": [ 0.0, 0.0, 3.0, 1.0 ] },
				"down": { "texture": "#castiron", "uv": [ 0.0, 0.0, 3.0, 1.0 ] }
			},
			"children": [
				{
					"name": "WIRE-25",
					"from": [ 2.0, 0.0, 1.0 ], 
					"to": [ 3.0, 1.0, 5.0 ], 
					"rotationOrigin": [ 2.0, 0.0, 1.0 ],
					"faces": {
						"north": { "texture": "#castiron", "uv": [ 0.0, 0.0, 1.0, 1.0 ] },
						"east": { "texture": "#castiron", "uv": [ 0.0, 0.0, 4.0, 1.0 ] },
						"south": { "texture": "#castiron", "uv": [ 0.0, 0.0, 1.0, 1.0 ] },
						"west": { "texture": "#castiron", "uv": [ 0.0, 0.0, 4.0, 1.0 ] },
						"up": { "texture": "#castiron", "uv": [ 0.0, 0.0, 1.0, 4.0 ] },
						"down": { "texture": "#castiron", "uv": [ 0.0, 0.0, 1.0, 4.0 ] }
					}
				},
				{
					"name": "WIRE-26",
					"from": [ 2.0, 0.0, -6.0 ], 
					"to": [ 3.0, 1.0, -3.0 ], 
					"rotationOrigin": [ 2.0, 0.0, -6.0 ],
					"faces": {
						"north": { "texture": "#castiron", "uv": [ 0.0, 0.0, 1.0, 1.0 ] },
						"east": { "texture": "#castiron", "uv": [ 0.0, 0.0, 3.0, 1.0 ] },
						"south": { "texture": "#castiron", "uv": [ 0.0, 0.0, 1.0, 1.0 ] },
						"west": { "texture": "#castiron", "uv": [ 0.0, 0.0, 3.0, 1.0 ] },
						"up": { "texture": "#castiron", "uv": [ 0.0, 0.0, 1.0, 3.0 ] },
						"down": { "texture": "#castiron", "uv": [ 0.0, 0.0, 1.0, 3.0 ] }
					}
				},
				{
					"name": "WIRE-27",
					"from": [ 3.0, 0.0, -6.0 ], 
					"to": [ 12.0, 1.0, -5.0 ], 
					"rotationOrigin": [ 3.0, 0.0, -6.0 ],
					"faces": {
						"north": { "texture": "#castiron", "uv": [ 0.0, 0.0, 9.0, 1.0 ] },
						"east": { "texture": "#castiron", "uv": [ 0.0, 0.0, 1.0, 1.0 ] },
						"south": { "texture": "#castiron", "uv": [ 0.0, 0.0, 9.0, 1.0 ] },
						"west": { "texture": "#castiron", "uv": [ 0.0, 0.0, 1.0, 1.0 ] },
						"up": { "texture": "#castiron", "uv": [ 0.0, 0.0, 9.0, 1.0 ] },
						"down": { "texture": "#castiron", "uv": [ 0.0, 0.0, 9.0, 1.0 ] }
					}
				},
				{
					"name": "WIRE-28",
					"from": [ 3.0, 0.0, 4.0 ], 
					"to": [ 12.0, 1.0, 5.0 ], 
					"rotationOrigin": [ 3.0, 0.0, 4.0 ],
					"faces": {
						"north": { "texture": "#castiron", "uv": [ 0.0, 0.0, 9.0, 1.0 ] },
						"east": { "texture": "#castiron", "uv": [ 0.0, 0.0, 1.0, 1.0 ] },
						"south": { "texture": "#castiron", "uv": [ 0.0, 0.0, 9.0, 1.0 ] },
						"west": { "texture": "#castiron", "uv": [ 0.0, 0.0, 1.0, 1.0 ] },
						"up": { "texture": "#castiron", "uv": [ 0.0, 0.0, 9.0, 1.0 ] },
						"down": { "texture": "#castiron", "uv": [ 0.0, 0.0, 9.0, 1.0 ] }
					}
				},
				{
					"name": "WIRE-29",
					"from": [ 0.0, 0.0, -3.0 ], 
					"to": [ 3.0, 1.0, -2.0 ], 
					"rotationOrigin": [ 0.0, 0.0, -3.0 ],
					"faces": {
						"north": { "texture": "#castiron", "uv": [ 0.0, 0.0, 3.0, 1.0 ] },
						"east": { "texture": "#castiron", "uv": [ 0.0, 0.0, 1.0, 1.0 ] },
						"south": { "texture": "#castiron", "uv": [ 0.0, 0.0, 3.0, 1.0 ] },
						"west": { "texture": "#castiron", "uv": [ 0.0, 0.0, 1.0, 1.0 ] },
						"up": { "texture": "#castiron", "uv": [ 0.0, 0.0, 3.0, 1.0 ] },
						"down": { "texture": "#castiron", "uv": [ 0.0, 0.0, 3.0, 1.0 ] }
					}
				},
				{
					"name": "WIRE-30",
					"from": [ 11.0, 0.0, -5.0 ], 
					"to": [ 12.0, 1.0, -4.0 ], 
					"rotationOrigin": [ 11.0, 0.0, -5.0 ],
					"faces": {
						"north": { "texture": "#castiron", "uv": [ 0.0, 0.0, 1.0, 1.0 ] },
						"east": { "texture": "#castiron", "uv": [ 0.0, 0.0, 1.0, 1.0 ] },
						"south": { "texture": "#castiron", "uv": [ 0.0, 0.0, 1.0, 1.0 ] },
						"west": { "texture": "#castiron", "uv": [ 0.0, 0.0, 1.0, 1.0 ] },
						"up": { "texture": "#castiron", "uv": [ 0.0, 0.0, 1.0, 1.0 ] },
						"down": { "texture": "#castiron", "uv": [ 0.0, 0.0, 1.0, 1.0 ] }
					}
				},
				{
					"name": "WIRE-32",
					"from": [ 4.0, 0.0, -2.0 ], 
					"to": [ 12.0, 1.0, -1.0 ], 
					"rotationOrigin": [ 4.0, 0.0, -2.0 ],
					"faces": {
						"north": { "texture": "#castiron", "uv": [ 0.0, 0.0, 8.0, 1.0 ] },
						"east": { "texture": "#castiron", "uv": [ 0.0, 0.0, 1.0, 1.0 ] },
						"south": { "texture": "#castiron", "uv": [ 0.0, 0.0, 8.0, 1.0 ] },
						"west": { "texture": "#castiron", "uv": [ 0.0, 0.0, 1.0, 1.0 ] },
						"up": { "texture": "#castiron", "uv": [ 0.0, 0.0, 8.0, 1.0 ] },
						"down": { "texture": "#castiron", "uv": [ 0.0, 0.0, 8.0, 1.0 ] }
					}
				},
				{
					"name": "WIRE-31",
					"from": [ 4.0, 0.0, -4.0 ], 
					"to": [ 12.0, 1.0, -3.0 ], 
					"rotationOrigin": [ 4.0, 0.0, -4.0 ],
					"faces": {
						"north": { "texture": "#castiron", "uv": [ 0.0, 0.0, 8.0, 1.0 ] },
						"east": { "texture": "#castiron", "uv": [ 0.0, 0.0, 1.0, 1.0 ] },
						"south": { "texture": "#castiron", "uv": [ 0.0, 0.0, 8.0, 1.0 ] },
						"west": { "texture": "#castiron", "uv": [ 0.0, 0.0, 1.0, 1.0 ] },
						"up": { "texture": "#castiron", "uv": [ 0.0, 0.0, 8.0, 1.0 ] },
						"down": { "texture": "#castiron", "uv": [ 0.0, 0.0, 8.0, 1.0 ] }
					}
				},
				{
					"name": "WIRE-33",
					"from": [ 4.0, 0.0, 0.0 ], 
					"to": [ 12.0, 1.0, 1.0 ], 
					"rotationOrigin": [ 4.0, 0.0, 0.0 ],
					"faces": {
						"north": { "texture": "#castiron", "uv": [ 0.0, 0.0, 8.0, 1.0 ] },
						"east": { "texture": "#castiron", "uv": [ 0.0, 0.0, 1.0, 1.0 ] },
						"south": { "texture": "#castiron", "uv": [ 0.0, 0.0, 8.0, 1.0 ] },
						"west": { "texture": "#castiron", "uv": [ 0.0, 0.0, 1.0, 1.0 ] },
						"up": { "texture": "#castiron", "uv": [ 0.0, 0.0, 8.0, 1.0 ] },
						"down": { "texture": "#castiron", "uv": [ 0.0, 0.0, 8.0, 1.0 ] }
					}
				},
				{
					"name": "WIRE-34",
					"from": [ 4.0, 0.0, -3.0 ], 
					"to": [ 5.0, 1.0, -2.0 ], 
					"rotationOrigin": [ 4.0, 0.0, -3.0 ],
					"faces": {
						"north": { "texture": "#castiron", "uv": [ 0.0, 0.0, 1.0, 1.0 ] },
						"east": { "texture": "#castiron", "uv": [ 0.0, 0.0, 1.0, 1.0 ] },
						"south": { "texture": "#castiron", "uv": [ 0.0, 0.0, 1.0, 1.0 ] },
						"west": { "texture": "#castiron", "uv": [ 0.0, 0.0, 1.0, 1.0 ] },
						"up": { "texture": "#castiron", "uv": [ 0.0, 0.0, 1.0, 1.0 ] },
						"down": { "texture": "#castiron", "uv": [ 0.0, 0.0, 1.0, 1.0 ] }
					}
				},
				{
					"name": "WIRE-35",
					"from": [ 11.0, 0.0, -1.0 ], 
					"to": [ 12.0, 1.0, 0.0 ], 
					"rotationOrigin": [ 11.0, 0.0, -1.0 ],
					"faces": {
						"north": { "texture": "#castiron", "uv": [ 0.0, 0.0, 1.0, 1.0 ] },
						"east": { "texture": "#castiron", "uv": [ 0.0, 0.0, 1.0, 1.0 ] },
						"south": { "texture": "#castiron", "uv": [ 0.0, 0.0, 1.0, 1.0 ] },
						"west": { "texture": "#castiron", "uv": [ 0.0, 0.0, 1.0, 1.0 ] },
						"up": { "texture": "#castiron", "uv": [ 0.0, 0.0, 1.0, 1.0 ] },
						"down": { "texture": "#castiron", "uv": [ 0.0, 0.0, 1.0, 1.0 ] }
					}
				},
				{
					"name": "WIRE-36",
					"from": [ 4.0, 0.0, 1.0 ], 
					"to": [ 5.0, 1.0, 2.0 ], 
					"rotationOrigin": [ 4.0, 0.0, 1.0 ],
					"faces": {
						"north": { "texture": "#castiron", "uv": [ 0.0, 0.0, 1.0, 1.0 ] },
						"east": { "texture": "#castiron", "uv": [ 0.0, 0.0, 1.0, 1.0 ] },
						"south": { "texture": "#castiron", "uv": [ 0.0, 0.0, 1.0, 1.0 ] },
						"west": { "texture": "#castiron", "uv": [ 0.0, 0.0, 1.0, 1.0 ] },
						"up": { "texture": "#castiron", "uv": [ 0.0, 0.0, 1.0, 1.0 ] },
						"down": { "texture": "#castiron", "uv": [ 0.0, 0.0, 1.0, 1.0 ] }
					}
				},
				{
					"name": "WIRE-37",
					"from": [ 4.0, 0.0, 2.0 ], 
					"to": [ 12.0, 1.0, 3.0 ], 
					"rotationOrigin": [ 4.0, 0.0, 2.0 ],
					"faces": {
						"north": { "texture": "#castiron", "uv": [ 0.0, 0.0, 8.0, 1.0 ] },
						"east": { "texture": "#castiron", "uv": [ 0.0, 0.0, 1.0, 1.0 ] },
						"south": { "texture": "#castiron", "uv": [ 0.0, 0.0, 8.0, 1.0 ] },
						"west": { "texture": "#castiron", "uv": [ 0.0, 0.0, 1.0, 1.0 ] },
						"up": { "texture": "#castiron", "uv": [ 0.0, 0.0, 8.0, 1.0 ] },
						"down": { "texture": "#castiron", "uv": [ 0.0, 0.0, 8.0, 1.0 ] }
					}
				},
				{
					"name": "WIRE-38",
					"from": [ 11.0, 0.0, 3.0 ], 
					"to": [ 12.0, 1.0, 4.0 ], 
					"rotationOrigin": [ 11.0, 0.0, 3.0 ],
					"faces": {
						"north": { "texture": "#castiron", "uv": [ 0.0, 0.0, 1.0, 1.0 ] },
						"east": { "texture": "#castiron", "uv": [ 0.0, 0.0, 1.0, 1.0 ] },
						"south": { "texture": "#castiron", "uv": [ 0.0, 0.0, 1.0, 1.0 ] },
						"west": { "texture": "#castiron", "uv": [ 0.0, 0.0, 1.0, 1.0 ] },
						"up": { "texture": "#castiron", "uv": [ 0.0, 0.0, 1.0, 1.0 ] },
						"down": { "texture": "#castiron", "uv": [ 0.0, 0.0, 1.0, 1.0 ] }
					}
				}
			]
		}
	]}