{
	"editor": {
		"allAngles": false,
		"entityTextureMode": false
	},
	"textureWidth": 16,
	"textureHeight": 16,
	"textureSizes": {
	},
	"textures": {
		"bricks": "C:/Users/andy-/AppData/Roaming/Vintagestory/assets/survival/textures/block/stone/brick/granite1",
		"log": "C:/Users/andy-/AppData/Roaming/Vintagestory/assets/survival/textures/block/wood/firepit/log",
		"snow": "C:/Users/andy-/AppData/Roaming/Vintagestory/assets/survival/textures/block/snow/normal1",
		"shingles": "C:/Users/andy-/AppData/Roaming/Vintagestory/assets/survival/textures/block/clay/shingles/red"
	},
	"elements": [
		{
			"name": "Master",
			"from": [ 8.0, 8.0, 8.0 ], 
			"to": [ 8.0, 8.0, 8.0 ], 
			"rotationOrigin": [ 8.0, 8.0, 8.0 ],
			"rotationY": -90.0,
			"faces": {
				"north": { "texture": "#bricks", "uv": [ 0.0, 0.0, 0.5, 0.5 ], "enabled": false },
				"east": { "texture": "#bricks", "uv": [ 0.0, 0.0, 0.5, 0.5 ], "enabled": false },
				"south": { "texture": "#bricks", "uv": [ 0.0, 0.0, 0.5, 0.5 ], "enabled": false },
				"west": { "texture": "#bricks", "uv": [ 0.0, 0.0, 0.5, 0.5 ], "enabled": false },
				"up": { "texture": "#bricks", "uv": [ 0.0, 0.0, 0.5, 0.5 ], "enabled": false },
				"down": { "texture": "#bricks", "uv": [ 0.0, 0.0, 0.5, 0.5 ], "enabled": false }
			},
			"children": [
				{
					"name": "Snow Roof 2",
					"from": [ -8.0, -16.0, 0.0 ], 
					"to": [ -8.0, -16.0, 0.0 ], 
					"rotationOrigin": [ -8.0, -16.0, 0.0 ],
					"faces": {
						"north": { "texture": "#log", "uv": [ 0.0, 0.0, 0.5, 0.5 ], "enabled": false },
						"east": { "texture": "#log", "uv": [ 0.0, 0.0, 0.5, 0.5 ], "enabled": false },
						"south": { "texture": "#log", "uv": [ 0.0, 0.0, 0.5, 0.5 ], "enabled": false },
						"west": { "texture": "#log", "uv": [ 0.0, 0.0, 0.5, 0.5 ], "enabled": false },
						"up": { "texture": "#log", "uv": [ 0.0, 0.0, 0.5, 0.5 ], "enabled": false },
						"down": { "texture": "#log", "uv": [ 0.0, 0.0, 0.5, 0.5 ], "enabled": false }
					},
					"children": [
						{
							"name": "snow part 3",
							"from": [ 0.0, 12.7924, 3.3 ], 
							"to": [ 16.0, 13.0924, 4.7 ], 
							"rotationOrigin": [ 0.0, 12.8, 3.7 ],
							"rotationX": 3.415094397496434E-6,
							"rotationY": 2.1078859769866858E-14,
							"rotationZ": -5.088886907608723E-14,
							"faces": {
								"north": { "texture": "#snow", "uv": [ 0.0, 0.0, 16.0, 0.5 ], "enabled": false },
								"east": { "texture": "#snow", "uv": [ 0.0, 0.0, 1.0, 0.5 ] },
								"south": { "texture": "#snow", "uv": [ 0.0, 0.0, 16.0, 0.5 ] },
								"west": { "texture": "#snow", "uv": [ 0.0, 0.0, 1.0, 0.5 ] },
								"up": { "texture": "#snow", "uv": [ 0.0, 0.0, 16.0, 1.0 ] },
								"down": { "texture": "#snow", "uv": [ 0.0, 0.0, 16.0, 1.0 ], "enabled": false }
							}
						},
						{
							"name": "snow part 2",
							"from": [ 0.0, 10.7924, 5.2 ], 
							"to": [ 16.0, 11.1924, 6.7 ], 
							"rotationOrigin": [ 0.0, 10.8, 5.7 ],
							"rotationX": 3.415094397496434E-6,
							"rotationY": 2.1078859769866858E-14,
							"rotationZ": -5.088886907608723E-14,
							"faces": {
								"north": { "texture": "#snow", "uv": [ 0.0, 0.0, 16.0, 0.5 ], "enabled": false },
								"east": { "texture": "#snow", "uv": [ 0.0, 0.0, 1.5, 0.5 ] },
								"south": { "texture": "#snow", "uv": [ 0.0, 0.0, 16.0, 0.5 ] },
								"west": { "texture": "#snow", "uv": [ 0.0, 0.0, 1.5, 0.5 ] },
								"up": { "texture": "#snow", "uv": [ 0.0, 0.0, 16.0, 1.5 ] },
								"down": { "texture": "#snow", "uv": [ 0.0, 0.0, 16.0, 1.5 ], "enabled": false }
							}
						},
						{
							"name": "snow part 1",
							"from": [ 0.0, 8.7924, 7.35 ], 
							"to": [ 16.0, 9.0924, 8.7 ], 
							"rotationOrigin": [ 0.0, 8.8, 7.7 ],
							"rotationX": 3.415094397496434E-6,
							"rotationY": 2.1078859769866858E-14,
							"rotationZ": -5.088886907608723E-14,
							"faces": {
								"north": { "texture": "#snow", "uv": [ 0.0, 0.0, 16.0, 0.5 ], "enabled": false },
								"east": { "texture": "#snow", "uv": [ 0.0, 0.0, 1.0, 0.5 ] },
								"south": { "texture": "#snow", "uv": [ 0.0, 0.0, 16.0, 0.5 ] },
								"west": { "texture": "#snow", "uv": [ 0.0, 0.0, 1.0, 0.5 ] },
								"up": { "texture": "#snow", "uv": [ 0.0, 0.0, 16.0, 1.0 ] },
								"down": { "texture": "#snow", "uv": [ 0.0, 0.0, 16.0, 1.0 ], "enabled": false }
							}
						},
						{
							"name": "snow part 4",
							"from": [ 0.0, 14.79, 1.4 ], 
							"to": [ 16.0, 15.09, 2.7 ], 
							"rotationOrigin": [ 0.0, 14.7986, 1.7057 ],
							"rotationX": 6.830188794992881E-6,
							"rotationY": 4.2157719539733716E-14,
							"rotationZ": -1.0177773208574817E-13,
							"faces": {
								"north": { "texture": "#snow", "uv": [ 0.0, 0.0, 16.0, 0.5 ], "enabled": false },
								"east": { "texture": "#snow", "uv": [ 0.0, 0.0, 1.0, 0.5 ] },
								"south": { "texture": "#snow", "uv": [ 0.0, 0.0, 16.0, 0.5 ] },
								"west": { "texture": "#snow", "uv": [ 0.0, 0.0, 1.0, 0.5 ] },
								"up": { "texture": "#snow", "uv": [ 0.0, 0.0, 16.0, 1.0 ] },
								"down": { "texture": "#snow", "uv": [ 0.0, 0.0, 16.0, 1.0 ], "enabled": false }
							}
						}
					]
				},
				{
					"name": "Snow Roof 1",
					"from": [ 8.0, -16.0, 0.0 ], 
					"to": [ 8.0, -16.0, 0.0 ], 
					"rotationOrigin": [ 8.0, -15.0, 0.0 ],
					"rotationX": -179.99999011687993,
					"rotationY": -5.008955855952477E-6,
					"rotationZ": -179.99999011687993,
					"faces": {
						"north": { "texture": "#log", "uv": [ 0.0, 0.0, 0.5, 0.5 ], "enabled": false },
						"east": { "texture": "#log", "uv": [ 0.0, 0.0, 0.5, 0.5 ], "enabled": false },
						"south": { "texture": "#log", "uv": [ 0.0, 0.0, 0.5, 0.5 ], "enabled": false },
						"west": { "texture": "#log", "uv": [ 0.0, 0.0, 0.5, 0.5 ], "enabled": false },
						"up": { "texture": "#log", "uv": [ 0.0, 0.0, 0.5, 0.5 ], "enabled": false },
						"down": { "texture": "#log", "uv": [ 0.0, 0.0, 0.5, 0.5 ], "enabled": false }
					},
					"children": [
						{
							"name": "snow part6",
							"from": [ 0.0, 12.7924, 3.3 ], 
							"to": [ 16.0, 13.0924, 4.7 ], 
							"rotationOrigin": [ 0.0, 12.8, 3.7 ],
							"rotationX": 3.415094397496434E-6,
							"rotationY": 2.1078859769866858E-14,
							"rotationZ": -5.088886907608723E-14,
							"faces": {
								"north": { "texture": "#snow", "uv": [ 0.0, 0.0, 16.0, 0.5 ], "enabled": false },
								"east": { "texture": "#snow", "uv": [ 0.0, 0.0, 1.0, 0.5 ] },
								"south": { "texture": "#snow", "uv": [ 0.0, 0.0, 16.0, 0.5 ] },
								"west": { "texture": "#snow", "uv": [ 0.0, 0.0, 1.0, 0.5 ] },
								"up": { "texture": "#snow", "uv": [ 0.0, 0.0, 16.0, 1.0 ] },
								"down": { "texture": "#snow", "uv": [ 0.0, 0.0, 16.0, 1.0 ], "enabled": false }
							}
						},
						{
							"name": "snow part 7",
							"from": [ 0.0, 10.7924, 5.4 ], 
							"to": [ 16.0, 10.9924, 6.7 ], 
							"rotationOrigin": [ 0.0, 10.8, 5.7 ],
							"rotationX": 3.415094397496434E-6,
							"rotationY": 2.1078859769866858E-14,
							"rotationZ": -5.088886907608723E-14,
							"faces": {
								"north": { "texture": "#snow", "uv": [ 0.0, 0.0, 16.0, 0.5 ], "enabled": false },
								"east": { "texture": "#snow", "uv": [ 0.0, 0.0, 1.0, 0.5 ] },
								"south": { "texture": "#snow", "uv": [ 0.0, 0.0, 16.0, 0.5 ] },
								"west": { "texture": "#snow", "uv": [ 0.0, 0.0, 1.0, 0.5 ] },
								"up": { "texture": "#snow", "uv": [ 0.0, 0.0, 16.0, 1.0 ] },
								"down": { "texture": "#snow", "uv": [ 0.0, 0.0, 16.0, 1.0 ], "enabled": false }
							}
						},
						{
							"name": "snow part 72",
							"from": [ 0.0, 8.7924, 7.31 ], 
							"to": [ 16.0, 9.0924, 8.71 ], 
							"rotationOrigin": [ 0.0, 8.8, 7.7 ],
							"rotationX": 3.415094397496434E-6,
							"rotationY": 2.1078859769866858E-14,
							"rotationZ": -5.088886907608723E-14,
							"faces": {
								"north": { "texture": "#snow", "uv": [ 0.0, 0.0, 16.0, 0.5 ], "enabled": false },
								"east": { "texture": "#snow", "uv": [ 0.0, 0.0, 1.0, 0.5 ] },
								"south": { "texture": "#snow", "uv": [ 0.0, 0.0, 16.0, 0.5 ] },
								"west": { "texture": "#snow", "uv": [ 0.0, 0.0, 1.0, 0.5 ] },
								"up": { "texture": "#snow", "uv": [ 0.0, 0.0, 16.0, 1.0 ] },
								"down": { "texture": "#snow", "uv": [ 0.0, 0.0, 16.0, 1.0 ], "enabled": false }
							}
						},
						{
							"name": "snow part 5",
							"from": [ 0.0, 14.7914, 1.3 ], 
							"to": [ 16.0, 15.1914, 2.7 ], 
							"rotationOrigin": [ 0.0, 14.8, 1.7 ],
							"rotationX": 6.830188794992881E-6,
							"rotationY": 4.2157719539733716E-14,
							"rotationZ": -1.0177773208574817E-13,
							"faces": {
								"north": { "texture": "#snow", "uv": [ 0.0, 0.0, 16.0, 0.5 ], "enabled": false },
								"east": { "texture": "#snow", "uv": [ 0.0, 0.0, 1.5, 0.5 ] },
								"south": { "texture": "#snow", "uv": [ 0.0, 0.0, 16.0, 0.5 ] },
								"west": { "texture": "#snow", "uv": [ 0.0, 0.0, 1.5, 0.5 ] },
								"up": { "texture": "#snow", "uv": [ 0.0, 0.0, 16.0, 1.5 ] },
								"down": { "texture": "#snow", "uv": [ 0.0, 0.0, 16.0, 1.5 ], "enabled": false }
							}
						}
					]
				},
				{
					"name": "Snow Wood Parts",
					"from": [ 0.0, 0.0, -0.5 ], 
					"to": [ 0.0, 0.0, -0.5 ], 
					"rotationOrigin": [ 0.0, 0.0, 0.0 ],
					"rotationX": -179.99999011687993,
					"rotationY": 5.008955855952477E-6,
					"rotationZ": -179.99999011687993,
					"faces": {
						"north": { "texture": "#bricks", "uv": [ 0.0, 0.0, 0.5, 0.5 ], "enabled": false },
						"east": { "texture": "#bricks", "uv": [ 0.0, 0.0, 0.5, 0.5 ], "enabled": false },
						"south": { "texture": "#bricks", "uv": [ 0.0, 0.0, 0.5, 0.5 ], "enabled": false },
						"west": { "texture": "#bricks", "uv": [ 0.0, 0.0, 0.5, 0.5 ], "enabled": false },
						"up": { "texture": "#bricks", "uv": [ 0.0, 0.0, 0.5, 0.5 ], "enabled": false },
						"down": { "texture": "#bricks", "uv": [ 0.0, 0.0, 0.5, 0.5 ], "enabled": false }
					},
					"children": [
						{
							"name": "Snow wood top 4",
							"from": [ 8.8, -0.9992, 1.9412 ], 
							"to": [ 10.0, -0.6142, 4.7412 ], 
							"rotationOrigin": [ 9.0, -1.0492, 1.9199 ],
							"rotationX": 179.99999011687783,
							"rotationY": -1.82813021321063E-5,
							"rotationZ": 179.99997684453447,
							"faces": {
								"north": { "texture": "#snow", "uv": [ 0.0, 0.0, 1.0, 0.5 ] },
								"east": { "texture": "#snow", "uv": [ 0.0, 0.0, 2.5, 0.5 ] },
								"south": { "texture": "#snow", "uv": [ 0.0, 0.0, 1.0, 0.5 ] },
								"west": { "texture": "#snow", "uv": [ 0.0, 0.0, 2.5, 0.5 ] },
								"up": { "texture": "#snow", "uv": [ 0.0, 0.0, 1.0, 2.5 ] },
								"down": { "texture": "#snow", "uv": [ 0.0, 0.0, 1.0, 2.5 ] }
							}
						},
						{
							"name": "Snow wood top 1",
							"from": [ -8.0, -0.9992, 1.9412 ], 
							"to": [ -6.8, -0.6142, 4.7412 ], 
							"rotationOrigin": [ -8.0, -1.0492, 1.9199 ],
							"rotationX": 179.9999781640471,
							"rotationY": -1.8281298875218485E-5,
							"rotationZ": 179.9999768445312,
							"faces": {
								"north": { "texture": "#snow", "uv": [ 0.0, 0.0, 1.0, 0.5 ] },
								"east": { "texture": "#snow", "uv": [ 0.0, 0.0, 2.5, 0.5 ] },
								"south": { "texture": "#snow", "uv": [ 0.0, 0.0, 1.0, 0.5 ] },
								"west": { "texture": "#snow", "uv": [ 0.0, 0.0, 2.5, 0.5 ] },
								"up": { "texture": "#snow", "uv": [ 0.0, 0.0, 1.0, 2.5 ] },
								"down": { "texture": "#snow", "uv": [ 0.0, 0.0, 1.0, 2.5 ] }
							}
						},
						{
							"name": "Snow wood top 66",
							"from": [ 7.9, -0.9992, 0.8 ], 
							"to": [ 24.1, -0.2292, 2.2 ], 
							"rotationOrigin": [ 8.0, -1.0492, 1.0 ],
							"rotationX": 179.99999011687783,
							"rotationY": -1.82813021321063E-5,
							"rotationZ": 179.99997684453447,
							"faces": {
								"north": { "texture": "#snow", "uv": [ 0.0, 0.0, 16.0, 0.5 ] },
								"east": { "texture": "#snow", "uv": [ 0.0, 0.0, 1.0, 0.5 ] },
								"south": { "texture": "#snow", "uv": [ 0.0, 0.0, 16.0, 0.5 ] },
								"west": { "texture": "#snow", "uv": [ 0.0, 0.0, 1.0, 0.5 ] },
								"up": { "texture": "#snow", "uv": [ 0.0, 0.0, 16.0, 1.0 ] },
								"down": { "texture": "#snow", "uv": [ 0.0, 0.0, 16.0, 1.0 ] }
							}
						}
					]
				}
			]
		},
		{
			"name": "Master",
			"from": [ 8.0, 8.0, 8.0 ], 
			"to": [ 8.0, 8.0, 8.0 ], 
			"rotationOrigin": [ 8.0, 8.0, 8.0 ],
			"rotationY": -90.0,
			"faces": {
				"north": { "texture": "#bricks", "uv": [ 0.0, 0.0, 0.5, 0.5 ], "enabled": false },
				"east": { "texture": "#bricks", "uv": [ 0.0, 0.0, 0.5, 0.5 ], "enabled": false },
				"south": { "texture": "#bricks", "uv": [ 0.0, 0.0, 0.5, 0.5 ], "enabled": false },
				"west": { "texture": "#bricks", "uv": [ 0.0, 0.0, 0.5, 0.5 ], "enabled": false },
				"up": { "texture": "#bricks", "uv": [ 0.0, 0.0, 0.5, 0.5 ], "enabled": false },
				"down": { "texture": "#bricks", "uv": [ 0.0, 0.0, 0.5, 0.5 ], "enabled": false }
			},
			"children": [
				{
					"name": "Walls",
					"from": [ -8.0, -8.0, -5.5 ], 
					"to": [ -8.0, -8.0, -5.5 ], 
					"rotationOrigin": [ -8.0, -8.0, -5.5 ],
					"rotationX": -2.2311795252909783E-5,
					"rotationY": -4.0711020037183786E-13,
					"rotationZ": 2.2311793624465875E-5,
					"faces": {
						"north": { "texture": "#bricks", "uv": [ 0.0, 0.0, 0.5, 0.5 ], "enabled": false },
						"east": { "texture": "#bricks", "uv": [ 0.0, 0.0, 0.5, 0.5 ], "enabled": false },
						"south": { "texture": "#bricks", "uv": [ 0.0, 0.0, 0.5, 0.5 ], "enabled": false },
						"west": { "texture": "#bricks", "uv": [ 0.0, 0.0, 0.5, 0.5 ], "enabled": false },
						"up": { "texture": "#bricks", "uv": [ 0.0, 0.0, 0.5, 0.5 ], "enabled": false },
						"down": { "texture": "#bricks", "uv": [ 0.0, 0.0, 0.5, 0.5 ], "enabled": false }
					},
					"children": [
						{
							"name": "Wall1",
							"from": [ 0.0, 0.0, -1.5 ], 
							"to": [ 16.0, 1.0, 12.5 ], 
							"rotationOrigin": [ 0.0, 0.0, -0.5 ],
							"rotationX": -1.628443907497612E-12,
							"rotationY": 3.413353627936079E-19,
							"rotationZ": 1.628443907497612E-12,
							"faces": {
								"north": { "texture": "#bricks", "uv": [ 0.0, 0.0, 16.0, 1.0 ], "enabled": false },
								"east": { "texture": "#bricks", "uv": [ 1.0, 15.0, 15.0, 16.0 ] },
								"south": { "texture": "#bricks", "uv": [ 0.0, 0.0, 16.0, 1.0 ], "enabled": false },
								"west": { "texture": "#bricks", "uv": [ 1.0, 15.0, 15.0, 16.0 ] },
								"up": { "texture": "#bricks", "uv": [ 0.0, 0.0, 16.0, 14.0 ], "enabled": false },
								"down": { "texture": "#bricks", "uv": [ 1.0, 0.0, 15.0, 16.0 ], "rotation": 90 }
							}
						},
						{
							"name": "Wall2",
							"from": [ 0.0, 1.0, -0.5 ], 
							"to": [ 16.0, 2.0, 11.5 ], 
							"rotationOrigin": [ 0.0, 1.0, 0.5 ],
							"rotationX": -1.628443907497612E-12,
							"rotationY": 3.413353627936079E-19,
							"rotationZ": 1.628443907497612E-12,
							"faces": {
								"north": { "texture": "#bricks", "uv": [ 0.0, 0.0, 16.0, 1.0 ], "enabled": false },
								"east": { "texture": "#bricks", "uv": [ 1.0, 14.0, 13.0, 15.0 ] },
								"south": { "texture": "#bricks", "uv": [ 0.0, 0.0, 16.0, 1.0 ], "enabled": false },
								"west": { "texture": "#bricks", "uv": [ 1.0, 14.0, 13.0, 15.0 ] },
								"up": { "texture": "#bricks", "uv": [ 0.0, 0.0, 16.0, 12.0 ], "enabled": false },
								"down": { "texture": "#bricks", "uv": [ 0.0, 0.0, 16.0, 12.0 ], "enabled": false }
							}
						},
						{
							"name": "Wall5",
							"from": [ 0.0, 4.0, 2.5 ], 
							"to": [ 16.0, 5.0, 8.5 ], 
							"rotationOrigin": [ 0.0, 4.0, 3.5 ],
							"rotationX": -1.628443907497612E-12,
							"rotationY": 3.413353627936079E-19,
							"rotationZ": 1.628443907497612E-12,
							"faces": {
								"north": { "texture": "#bricks", "uv": [ 0.0, 0.0, 16.0, 1.0 ], "enabled": false },
								"east": { "texture": "#bricks", "uv": [ 3.5, 11.0, 9.5, 12.0 ] },
								"south": { "texture": "#bricks", "uv": [ 0.0, 0.0, 16.0, 1.0 ], "enabled": false },
								"west": { "texture": "#bricks", "uv": [ 4.0, 11.0, 10.0, 12.0 ], "autoUv": false },
								"up": { "texture": "#bricks", "uv": [ 0.0, 0.0, 16.0, 6.0 ], "enabled": false },
								"down": { "texture": "#bricks", "uv": [ 0.0, 0.0, 16.0, 6.0 ], "enabled": false }
							}
						},
						{
							"name": "Wall3",
							"from": [ 0.0, 2.0, 0.5 ], 
							"to": [ 16.0, 3.0, 10.5 ], 
							"rotationOrigin": [ 0.0, 2.0, 1.5 ],
							"rotationX": -1.628443907497612E-12,
							"rotationY": 3.413353627936079E-19,
							"rotationZ": 1.628443907497612E-12,
							"faces": {
								"north": { "texture": "#bricks", "uv": [ 0.0, 0.0, 16.0, 1.0 ], "enabled": false },
								"east": { "texture": "#bricks", "uv": [ 2.0, 13.0, 12.0, 14.0 ], "autoUv": false },
								"south": { "texture": "#bricks", "uv": [ 0.0, 0.0, 16.0, 1.0 ], "enabled": false },
								"west": { "texture": "#bricks", "uv": [ 2.0, 13.0, 12.0, 14.0 ] },
								"up": { "texture": "#bricks", "uv": [ 0.0, 0.0, 16.0, 10.0 ], "enabled": false },
								"down": { "texture": "#bricks", "uv": [ 0.0, 0.0, 16.0, 10.0 ], "enabled": false }
							}
						},
						{
							"name": "Wall4",
							"from": [ 0.0, 3.0, 1.5 ], 
							"to": [ 16.0, 4.0, 9.5 ], 
							"rotationOrigin": [ 0.0, 3.0, 2.5 ],
							"rotationX": -1.628443907497612E-12,
							"rotationY": 3.413353627936079E-19,
							"rotationZ": 1.628443907497612E-12,
							"faces": {
								"north": { "texture": "#bricks", "uv": [ 0.0, 0.0, 16.0, 1.0 ], "enabled": false },
								"east": { "texture": "#bricks", "uv": [ 3.0, 12.0, 11.0, 13.0 ] },
								"south": { "texture": "#bricks", "uv": [ 0.0, 0.0, 16.0, 1.0 ], "enabled": false },
								"west": { "texture": "#bricks", "uv": [ 3.0, 12.0, 11.0, 13.0 ] },
								"up": { "texture": "#bricks", "uv": [ 0.0, 0.0, 16.0, 8.0 ], "enabled": false },
								"down": { "texture": "#bricks", "uv": [ 0.0, 0.0, 16.0, 8.0 ], "enabled": false }
							}
						},
						{
							"name": "Wall6",
							"from": [ 0.0, 5.0, 3.5 ], 
							"to": [ 1.0, 6.0, 7.5 ], 
							"rotationOrigin": [ 0.0, 5.0, 3.2 ],
							"rotationX": -1.628443907497612E-12,
							"rotationY": 3.413353627936079E-19,
							"rotationZ": 1.628443907497612E-12,
							"faces": {
								"north": { "texture": "#bricks", "uv": [ 0.0, 0.0, 1.0, 1.0 ], "enabled": false },
								"east": { "texture": "#bricks", "uv": [ 0.0, 0.0, 4.0, 1.0 ], "enabled": false },
								"south": { "texture": "#bricks", "uv": [ 0.0, 0.0, 1.0, 1.0 ], "enabled": false },
								"west": { "texture": "#bricks", "uv": [ 4.5, 11.5, 8.5, 12.5 ] },
								"up": { "texture": "#bricks", "uv": [ 0.0, 0.0, 1.0, 4.0 ], "enabled": false },
								"down": { "texture": "#bricks", "uv": [ 0.0, 0.0, 1.0, 4.0 ], "enabled": false }
							}
						},
						{
							"name": "Wall7",
							"from": [ 0.0, 6.0, 4.5 ], 
							"to": [ 1.0, 7.0, 6.5 ], 
							"rotationOrigin": [ 0.0, 6.0, 4.0 ],
							"rotationX": -1.628443907497612E-12,
							"rotationY": 3.413353627936079E-19,
							"rotationZ": 1.628443907497612E-12,
							"faces": {
								"north": { "texture": "#bricks", "uv": [ 0.0, 0.0, 1.0, 1.0 ], "enabled": false },
								"east": { "texture": "#bricks", "uv": [ 0.0, 0.0, 2.0, 1.0 ], "enabled": false },
								"south": { "texture": "#bricks", "uv": [ 0.0, 0.0, 1.0, 1.0 ], "enabled": false },
								"west": { "texture": "#bricks", "uv": [ 6.5, 10.0, 8.5, 11.0 ] },
								"up": { "texture": "#bricks", "uv": [ 0.0, 0.0, 1.0, 2.0 ], "enabled": false },
								"down": { "texture": "#bricks", "uv": [ 0.0, 0.0, 1.0, 2.0 ], "enabled": false }
							}
						},
						{
							"name": "Wall52",
							"from": [ 0.0, 0.0, -2.5 ], 
							"to": [ 16.0, 0.5, -1.5 ], 
							"rotationOrigin": [ 0.0, 0.0, -1.5 ],
							"rotationX": -1.628443907497612E-12,
							"rotationY": 3.413353627936079E-19,
							"rotationZ": 1.628443907497612E-12,
							"faces": {
								"north": { "texture": "#bricks", "uv": [ 0.0, 0.0, 16.0, 0.5 ] },
								"east": { "texture": "#bricks", "uv": [ 1.0, 15.0, 2.0, 15.5 ], "enabled": false },
								"south": { "texture": "#bricks", "uv": [ 0.0, 0.0, 16.0, 0.5 ], "enabled": false },
								"west": { "texture": "#bricks", "uv": [ 1.0, 15.0, 2.0, 15.5 ], "enabled": false },
								"up": { "texture": "#bricks", "uv": [ 0.0, 0.0, 16.0, 1.0 ], "enabled": false },
								"down": { "texture": "#bricks", "uv": [ 0.0, 0.0, 1.0, 16.0 ], "rotation": 90 }
							}
						},
						{
							"name": "Wall53",
							"from": [ 0.0, 0.0, 12.5 ], 
							"to": [ 16.0, 0.5, 13.5 ], 
							"rotationOrigin": [ 0.0, 0.0, 13.5 ],
							"rotationX": -1.628443907497612E-12,
							"rotationY": 3.413353627936079E-19,
							"rotationZ": 1.628443907497612E-12,
							"faces": {
								"north": { "texture": "#bricks", "uv": [ 0.0, 0.0, 16.0, 0.5 ], "enabled": false },
								"east": { "texture": "#bricks", "uv": [ 1.0, 15.0, 2.0, 15.5 ], "enabled": false },
								"south": { "texture": "#bricks", "uv": [ 0.0, 0.0, 16.0, 0.5 ], "rotation": 180 },
								"west": { "texture": "#bricks", "uv": [ 1.0, 15.0, 2.0, 15.5 ], "enabled": false },
								"up": { "texture": "#bricks", "uv": [ 0.0, 0.0, 16.0, 1.0 ], "enabled": false },
								"down": { "texture": "#bricks", "uv": [ 15.0, 0.0, 16.0, 16.0 ], "rotation": 90 }
							}
						}
					]
				},
				{
					"name": "wood support top",
					"from": [ -9.2, -3.5, -1.4 ], 
					"to": [ 9.2, -1.0, 1.4 ], 
					"rotationOrigin": [ -11.0, -4.0, -2.0 ],
					"rotationX": 1.789503351800876E-12,
					"rotationY": 8.549330514362463E-12,
					"rotationZ": 1.366037596154195E-5,
					"faces": {
						"north": { "texture": "#log", "uv": [ 0.0, 0.0, 16.0, 3.0 ], "autoUv": false },
						"east": { "texture": "#log", "uv": [ 14.0, 14.0, 16.0, 16.0 ], "autoUv": false },
						"south": { "texture": "#log", "uv": [ 0.0, 0.0, 16.0, 3.5 ], "autoUv": false },
						"west": { "texture": "#log", "uv": [ 14.0, 14.0, 16.0, 16.0 ], "autoUv": false },
						"up": { "texture": "#log", "uv": [ 0.0, 5.5, 16.0, 9.0 ], "autoUv": false },
						"down": { "texture": "#log", "uv": [ 0.0, 7.5, 16.0, 11.0 ], "autoUv": false }
					}
				}
			]
		},
		{
			"name": "Insides 0",
			"from": [ 2.8, -1.3, 1.3 ], 
			"to": [ 18.8, 7.2, 1.3 ], 
			"rotationOrigin": [ 3.3001, 1.7001, 0.5 ],
			"rotationX": -89.99997573974024,
			"rotationY": -45.00002069701329,
			"rotationZ": -89.99995642104051,
			"faces": {
				"north": { "texture": "#log", "uv": [ 0.0, 0.0, 16.0, 8.5 ], "enabled": false },
				"east": { "texture": "#log", "uv": [ 0.0, 0.0, 16.0, 1.5 ], "rotation": 90, "enabled": false, "autoUv": false },
				"south": { "texture": "#log", "uv": [ 0.0, 0.0, 16.0, 8.5 ] },
				"west": { "texture": "#log", "uv": [ 0.0, 0.5, 16.5, 4.0 ], "rotation": 90, "enabled": false, "autoUv": false },
				"up": { "texture": "#log", "uv": [ 0.0, 0.0, 16.0, 0.5 ], "enabled": false },
				"down": { "texture": "#log", "uv": [ 14.0, 14.0, 16.0, 16.0 ], "enabled": false, "autoUv": false }
			}
		},
		{
			"name": "Insides 1",
			"from": [ 12.8, -0.31, 1.55 ], 
			"to": [ 28.8, 8.19, 1.55 ], 
			"rotationOrigin": [ 13.3001, 3.7001, 0.5 ],
			"rotationX": -90.0,
			"rotationY": -135.0,
			"rotationZ": -90.0,
			"faces": {
				"north": { "texture": "#log", "uv": [ 0.0, 0.0, 16.0, 8.5 ] },
				"east": { "texture": "#log", "uv": [ 0.0, 0.0, 16.0, 1.5 ], "rotation": 90, "enabled": false, "autoUv": false },
				"south": { "texture": "#log", "uv": [ 0.0, 0.0, 16.0, 8.5 ], "enabled": false },
				"west": { "texture": "#log", "uv": [ 0.0, 0.5, 16.5, 4.0 ], "rotation": 90, "enabled": false, "autoUv": false },
				"up": { "texture": "#log", "uv": [ 0.0, 0.0, 16.0, 0.5 ], "enabled": false },
				"down": { "texture": "#log", "uv": [ 14.0, 14.0, 16.0, 16.0 ], "enabled": false, "autoUv": false }
			}
		},
		{
			"name": "wood support N",
			"from": [ 1.1788, -1.2899, -1.0 ], 
			"to": [ 1.1788, -1.2899, -1.0 ], 
			"rotationOrigin": [ 1.1788, -1.2899, -1.0 ],
			"rotationX": -89.99997573974024,
			"rotationY": -45.00002069701329,
			"rotationZ": -89.99995642104051,
			"faces": {
				"north": { "texture": "#log", "uv": [ 0.0, 0.0, 0.5, 0.5 ] },
				"east": { "texture": "#log", "uv": [ 0.0, 0.0, 0.5, 0.5 ] },
				"south": { "texture": "#log", "uv": [ 0.0, 0.0, 0.5, 0.5 ] },
				"west": { "texture": "#log", "uv": [ 0.0, 0.0, 0.5, 0.5 ] },
				"up": { "texture": "#log", "uv": [ 0.0, 0.0, 0.5, 0.5 ] },
				"down": { "texture": "#log", "uv": [ 0.0, 0.0, 0.5, 0.5 ] }
			},
			"children": [
				{
					"name": "wood support right",
					"from": [ 17.0, 0.0, 0.0 ], 
					"to": [ 18.0, 9.7, 2.0 ], 
					"rotationOrigin": [ 17.5, 2.2, -0.8 ],
					"rotationX": -3.415094397496434E-6,
					"faces": {
						"north": { "texture": "#log", "uv": [ 0.0, 0.0, 16.0, 1.5 ], "rotation": 90, "autoUv": false },
						"east": { "texture": "#log", "uv": [ 0.0, 0.0, 16.0, 1.5 ], "rotation": 90, "autoUv": false },
						"south": { "texture": "#log", "uv": [ 0.0, 3.0, 16.0, 4.5 ], "rotation": 90, "autoUv": false },
						"west": { "texture": "#log", "uv": [ 0.0, 0.5, 16.0, 2.0 ], "rotation": 90, "autoUv": false },
						"up": { "texture": "#log", "uv": [ 0.0, 0.0, 1.0, 2.0 ], "enabled": false },
						"down": { "texture": "#log", "uv": [ 14.0, 14.0, 16.0, 16.0 ], "autoUv": false }
					}
				},
				{
					"name": "wood support right 2",
					"from": [ 0.0, 0.0, 0.0 ], 
					"to": [ 1.0, 9.7, 2.0 ], 
					"rotationOrigin": [ 0.5, 2.2, -0.8 ],
					"rotationX": -3.415094397496434E-6,
					"faces": {
						"north": { "texture": "#log", "uv": [ 0.0, 0.0, 16.0, 1.5 ], "rotation": 90, "autoUv": false },
						"east": { "texture": "#log", "uv": [ 0.0, 0.0, 16.0, 1.5 ], "rotation": 90, "autoUv": false },
						"south": { "texture": "#log", "uv": [ 0.0, 3.0, 16.0, 4.5 ], "rotation": 90, "autoUv": false },
						"west": { "texture": "#log", "uv": [ 0.0, 0.5, 16.0, 2.0 ], "rotation": 90, "autoUv": false },
						"up": { "texture": "#log", "uv": [ 0.0, 0.0, 1.0, 2.0 ], "enabled": false },
						"down": { "texture": "#log", "uv": [ 14.0, 14.0, 16.0, 16.0 ], "autoUv": false }
					}
				}
			]
		},
		{
			"name": "wood support S",
			"from": [ 14.8212, -1.2899, 17.0 ], 
			"to": [ 14.8212, -1.2899, 17.0 ], 
			"rotationOrigin": [ 14.8212, -1.2899, 17.0 ],
			"rotationX": -89.99994676171508,
			"rotationY": 44.99998205962819,
			"rotationZ": 89.99996608040748,
			"faces": {
				"north": { "texture": "#log", "uv": [ 0.0, 0.0, 0.5, 0.5 ] },
				"east": { "texture": "#log", "uv": [ 0.0, 0.0, 0.5, 0.5 ] },
				"south": { "texture": "#log", "uv": [ 0.0, 0.0, 0.5, 0.5 ] },
				"west": { "texture": "#log", "uv": [ 0.0, 0.0, 0.5, 0.5 ] },
				"up": { "texture": "#log", "uv": [ 0.0, 0.0, 0.5, 0.5 ] },
				"down": { "texture": "#log", "uv": [ 0.0, 0.0, 0.5, 0.5 ] }
			},
			"children": [
				{
					"name": "wood support  left45",
					"from": [ 0.0, 0.0, 0.0 ], 
					"to": [ 1.0, 9.7, 2.0 ], 
					"rotationOrigin": [ 0.5, 2.2, -0.8 ],
					"rotationX": -3.415094397496434E-6,
					"faces": {
						"north": { "texture": "#log", "uv": [ 0.0, 0.0, 16.0, 1.5 ], "rotation": 90, "autoUv": false },
						"east": { "texture": "#log", "uv": [ 0.0, 0.0, 16.0, 1.5 ], "rotation": 90, "autoUv": false },
						"south": { "texture": "#log", "uv": [ 0.0, 3.0, 16.0, 4.5 ], "rotation": 90, "autoUv": false },
						"west": { "texture": "#log", "uv": [ 0.0, 0.5, 16.0, 2.0 ], "rotation": 90, "autoUv": false },
						"up": { "texture": "#log", "uv": [ 0.0, 0.0, 1.0, 2.0 ], "enabled": false },
						"down": { "texture": "#log", "uv": [ 14.0, 14.0, 16.0, 16.0 ], "autoUv": false }
					}
				},
				{
					"name": "wood support  left52",
					"from": [ 17.0, 0.0, 0.0 ], 
					"to": [ 18.0, 9.7, 2.0 ], 
					"rotationOrigin": [ 17.5, 2.2, -0.8 ],
					"rotationX": -3.415094397496434E-6,
					"faces": {
						"north": { "texture": "#log", "uv": [ 0.0, 0.0, 16.0, 1.5 ], "rotation": 90, "autoUv": false },
						"east": { "texture": "#log", "uv": [ 0.0, 0.0, 16.0, 1.5 ], "rotation": 90, "autoUv": false },
						"south": { "texture": "#log", "uv": [ 0.0, 3.0, 16.0, 4.5 ], "rotation": 90, "autoUv": false },
						"west": { "texture": "#log", "uv": [ 0.0, 0.5, 16.0, 2.0 ], "rotation": 90, "autoUv": false },
						"up": { "texture": "#log", "uv": [ 0.0, 0.0, 1.0, 2.0 ], "enabled": false },
						"down": { "texture": "#log", "uv": [ 14.0, 14.0, 16.0, 16.0 ], "autoUv": false }
					}
				}
			]
		},
		{
			"name": "Roof 2",
			"from": [ 13.0, 0.0, 0.0 ], 
			"to": [ 13.0, 0.0, 0.0 ], 
			"rotationOrigin": [ 13.0, 0.0, 0.0 ],
			"rotationY": -90.0,
			"faces": {
				"north": { "texture": "#bricks", "uv": [ 0.0, 0.0, 0.5, 0.5 ], "enabled": false },
				"east": { "texture": "#bricks", "uv": [ 0.0, 0.0, 0.5, 0.5 ], "enabled": false },
				"south": { "texture": "#bricks", "uv": [ 0.0, 0.0, 0.5, 0.5 ], "enabled": false },
				"west": { "texture": "#bricks", "uv": [ 0.0, 0.0, 0.5, 0.5 ], "enabled": false },
				"up": { "texture": "#bricks", "uv": [ 0.0, 0.0, 0.5, 0.5 ], "enabled": false },
				"down": { "texture": "#bricks", "uv": [ 0.0, 0.0, 0.5, 0.5 ], "enabled": false }
			},
			"children": [
				{
					"name": "Roof5",
					"from": [ 0.0, 6.0, 6.0 ], 
					"to": [ 16.0, 7.5, 7.0 ], 
					"rotationOrigin": [ 0.0, 6.0, 6.0 ],
					"rotationX": -44.99999632180179,
					"faces": {
						"north": { "texture": "#shingles", "uv": [ 0.0, 0.0, 16.0, 1.5 ], "enabled": false },
						"east": { "texture": "#shingles", "uv": [ 0.0, 0.0, 0.5, 0.5 ], "autoUv": false },
						"south": { "texture": "#shingles", "uv": [ 0.0, 0.0, 16.0, 1.5 ] },
						"west": { "texture": "#shingles", "uv": [ 0.0, 0.0, 0.5, 0.5 ], "autoUv": false },
						"up": { "texture": "#shingles", "uv": [ 0.0, 0.0, 0.0, 0.5 ], "rotation": 180, "autoUv": false },
						"down": { "texture": "#shingles", "uv": [ 0.0, 0.0, 16.0, 1.0 ], "enabled": false }
					},
					"children": [
						{
							"name": "Cube28",
							"from": [ 0.0, -2.0, 1.0 ], 
							"to": [ 7.0, -1.0, 1.5 ], 
							"rotationOrigin": [ 0.0, -1.0, 0.0 ],
							"rotationX": -45.0,
							"faces": {
								"north": { "texture": "#shingles", "uv": [ 0.0, 0.0, 7.0, 1.0 ] },
								"east": { "texture": "#shingles", "uv": [ 0.0, 0.0, 0.5, 1.0 ], "enabled": false },
								"south": { "texture": "#shingles", "uv": [ 0.0, 2.5, 7.0, 3.5 ] },
								"west": { "texture": "#shingles", "uv": [ 0.0, 0.0, 0.5, 1.0 ] },
								"up": { "texture": "#shingles", "uv": [ 0.0, 0.0, 7.0, 0.5 ], "enabled": false },
								"down": { "texture": "#shingles", "uv": [ 11.0, 3.0, 11.5, 3.5 ], "autoUv": false }
							}
						},
						{
							"name": "Cube30",
							"from": [ 7.0, -2.0, 1.0 ], 
							"to": [ 10.0, -1.0, 1.5 ], 
							"rotationOrigin": [ 7.0, -1.0, 0.0 ],
							"rotationX": -45.0,
							"faces": {
								"north": { "texture": "#shingles", "uv": [ 0.0, 0.0, 3.0, 1.0 ] },
								"east": { "texture": "#shingles", "uv": [ 0.0, 0.0, 0.5, 1.0 ], "enabled": false },
								"south": { "texture": "#shingles", "uv": [ 7.0, 3.5, 10.0, 4.5 ], "autoUv": false },
								"west": { "texture": "#shingles", "uv": [ 0.0, 0.0, 0.5, 1.0 ], "enabled": false },
								"up": { "texture": "#shingles", "uv": [ 0.0, 0.0, 3.0, 0.5 ], "enabled": false },
								"down": { "texture": "#shingles", "uv": [ 11.0, 3.0, 11.5, 3.5 ], "autoUv": false }
							}
						},
						{
							"name": "Cube31",
							"from": [ 10.0, -2.0, 1.0 ], 
							"to": [ 16.0, -1.0, 1.5 ], 
							"rotationOrigin": [ 10.0, -1.0, 0.0 ],
							"rotationX": -45.0,
							"faces": {
								"north": { "texture": "#shingles", "uv": [ 0.0, 0.0, 6.0, 1.0 ] },
								"east": { "texture": "#shingles", "uv": [ 0.0, 0.0, 0.5, 1.0 ] },
								"south": { "texture": "#shingles", "uv": [ 10.0, 2.5, 16.0, 3.5 ] },
								"west": { "texture": "#shingles", "uv": [ 0.0, 0.0, 0.5, 1.0 ], "enabled": false },
								"up": { "texture": "#shingles", "uv": [ 0.0, 0.0, 6.0, 0.5 ], "enabled": false },
								"down": { "texture": "#shingles", "uv": [ 11.0, 3.0, 11.5, 3.5 ], "autoUv": false }
							}
						}
					]
				},
				{
					"name": "Roof 7",
					"from": [ 0.0, 4.0, 8.0 ], 
					"to": [ 16.0, 6.0, 9.0 ], 
					"rotationOrigin": [ 0.0, 4.0, 8.0 ],
					"rotationX": -44.99999632180179,
					"faces": {
						"north": { "texture": "#shingles", "uv": [ 0.0, 0.0, 16.0, 2.0 ], "enabled": false },
						"east": { "texture": "#shingles", "uv": [ 0.0, 0.0, 1.0, 2.0 ] },
						"south": { "texture": "#shingles", "uv": [ 0.0, 4.0, 16.0, 6.0 ] },
						"west": { "texture": "#shingles", "uv": [ 0.0, 0.0, 1.0, 2.0 ] },
						"up": { "texture": "#shingles", "uv": [ 0.0, 0.0, 16.0, 1.0 ], "enabled": false },
						"down": { "texture": "#shingles", "uv": [ 0.0, 0.0, 16.0, 1.0 ], "enabled": false }
					},
					"children": [
						{
							"name": "Cube50",
							"from": [ 0.0, -2.0, 1.0 ], 
							"to": [ 5.0, -1.0, 1.5 ], 
							"rotationOrigin": [ 0.0, -1.0, 0.0 ],
							"rotationX": -45.0,
							"faces": {
								"north": { "texture": "#shingles", "uv": [ 0.0, 6.5, 5.0, 7.5 ] },
								"east": { "texture": "#shingles", "uv": [ 0.0, 0.0, 0.5, 1.0 ], "enabled": false },
								"south": { "texture": "#shingles", "uv": [ 0.0, 6.5, 5.0, 7.5 ] },
								"west": { "texture": "#shingles", "uv": [ 0.0, 0.0, 0.5, 1.0 ] },
								"up": { "texture": "#shingles", "uv": [ 0.0, 0.0, 5.0, 0.5 ], "enabled": false },
								"down": { "texture": "#shingles", "uv": [ 11.0, 3.0, 11.5, 3.5 ], "autoUv": false }
							}
						},
						{
							"name": "Cube51",
							"from": [ 5.0, -2.0, 1.0 ], 
							"to": [ 8.0, -1.0, 1.5 ], 
							"rotationOrigin": [ 5.0, -1.0, 0.0 ],
							"rotationX": -45.0,
							"faces": {
								"north": { "texture": "#shingles", "uv": [ 5.0, 7.0, 8.0, 8.0 ] },
								"east": { "texture": "#shingles", "uv": [ 0.0, 0.0, 0.5, 1.0 ], "enabled": false },
								"south": { "texture": "#shingles", "uv": [ 5.0, 7.0, 8.0, 8.0 ], "autoUv": false },
								"west": { "texture": "#shingles", "uv": [ 0.0, 0.0, 0.5, 1.0 ], "enabled": false },
								"up": { "texture": "#shingles", "uv": [ 0.0, 0.0, 3.0, 0.5 ], "enabled": false },
								"down": { "texture": "#shingles", "uv": [ 11.0, 3.0, 11.5, 3.5 ], "autoUv": false }
							}
						},
						{
							"name": "Cube52",
							"from": [ 8.0, -2.0, 1.0 ], 
							"to": [ 16.0, -1.0, 1.5 ], 
							"rotationOrigin": [ 8.0, -1.0, 0.0 ],
							"rotationX": -45.0,
							"faces": {
								"north": { "texture": "#shingles", "uv": [ 8.0, 6.5, 16.0, 7.5 ] },
								"east": { "texture": "#shingles", "uv": [ 0.0, 0.0, 0.5, 1.0 ] },
								"south": { "texture": "#shingles", "uv": [ 8.0, 6.5, 16.0, 7.5 ], "autoUv": false },
								"west": { "texture": "#shingles", "uv": [ 0.0, 0.0, 0.5, 1.0 ], "enabled": false },
								"up": { "texture": "#shingles", "uv": [ 0.0, 0.0, 8.0, 0.5 ], "enabled": false },
								"down": { "texture": "#shingles", "uv": [ 11.0, 3.0, 11.5, 3.5 ], "autoUv": false }
							}
						}
					]
				},
				{
					"name": "Roof 8",
					"from": [ 0.0, 0.0, 12.0 ], 
					"to": [ 16.0, 2.0, 13.0 ], 
					"rotationOrigin": [ 0.0, 0.0, 12.0 ],
					"rotationX": -44.99999632180179,
					"faces": {
						"north": { "texture": "#shingles", "uv": [ 0.0, 0.0, 16.0, 2.0 ], "enabled": false },
						"east": { "texture": "#shingles", "uv": [ 0.0, 0.0, 1.0, 2.0 ] },
						"south": { "texture": "#shingles", "uv": [ 0.0, 12.0, 16.0, 14.0 ] },
						"west": { "texture": "#shingles", "uv": [ 0.0, 0.0, 1.0, 2.0 ] },
						"up": { "texture": "#shingles", "uv": [ 0.0, 0.0, 16.0, 1.0 ], "enabled": false },
						"down": { "texture": "#shingles", "uv": [ 0.0, 0.0, 16.0, 1.0 ], "enabled": false }
					},
					"children": [
						{
							"name": "Cube54",
							"from": [ 0.0, -2.0, 1.0 ], 
							"to": [ 8.0, -1.0, 1.5 ], 
							"rotationOrigin": [ 0.0, -1.0, 0.0 ],
							"rotationX": -45.0,
							"faces": {
								"north": { "texture": "#shingles", "uv": [ 0.0, 14.5, 8.0, 15.5 ] },
								"east": { "texture": "#shingles", "uv": [ 0.0, 0.0, 0.5, 1.0 ], "enabled": false },
								"south": { "texture": "#shingles", "uv": [ 0.0, 14.5, 8.0, 15.5 ] },
								"west": { "texture": "#shingles", "uv": [ 0.0, 0.0, 0.5, 1.0 ] },
								"up": { "texture": "#shingles", "uv": [ 0.0, 0.0, 8.0, 0.5 ], "enabled": false },
								"down": { "texture": "#shingles", "uv": [ 11.0, 3.0, 11.5, 3.5 ], "autoUv": false }
							}
						},
						{
							"name": "Cube57",
							"from": [ 8.0, -2.0, 1.0 ], 
							"to": [ 12.0, -1.0, 1.5 ], 
							"rotationOrigin": [ 8.0, -1.0, 0.0 ],
							"rotationX": -45.0,
							"faces": {
								"north": { "texture": "#shingles", "uv": [ 4.5, 14.5, 8.5, 15.5 ] },
								"east": { "texture": "#shingles", "uv": [ 0.0, 0.0, 0.5, 1.0 ], "enabled": false },
								"south": { "texture": "#shingles", "uv": [ 4.5, 14.5, 8.5, 15.5 ] },
								"west": { "texture": "#shingles", "uv": [ 0.0, 0.0, 0.5, 1.0 ] },
								"up": { "texture": "#shingles", "uv": [ 0.0, 0.0, 4.0, 0.5 ], "enabled": false },
								"down": { "texture": "#shingles", "uv": [ 11.0, 3.0, 11.5, 3.5 ], "autoUv": false }
							}
						},
						{
							"name": "Cube57",
							"from": [ 12.0, -2.0, 1.0 ], 
							"to": [ 16.0, -1.0, 1.5 ], 
							"rotationOrigin": [ 12.0, -1.0, 0.0 ],
							"rotationX": -45.0,
							"faces": {
								"north": { "texture": "#shingles", "uv": [ 12.0, 14.5, 16.0, 15.5 ] },
								"east": { "texture": "#shingles", "uv": [ 0.0, 0.0, 0.5, 1.0 ] },
								"south": { "texture": "#shingles", "uv": [ 12.0, 14.5, 16.0, 15.5 ] },
								"west": { "texture": "#shingles", "uv": [ 0.0, 0.0, 0.5, 1.0 ] },
								"up": { "texture": "#shingles", "uv": [ 0.0, 0.0, 4.0, 0.5 ], "enabled": false },
								"down": { "texture": "#shingles", "uv": [ 11.0, 3.0, 11.5, 3.5 ], "autoUv": false }
							}
						}
					]
				},
				{
					"name": "Roof53",
					"from": [ 0.0, 2.0, 10.0 ], 
					"to": [ 16.0, 4.0, 11.0 ], 
					"rotationOrigin": [ 0.0, 2.0, 10.0 ],
					"rotationX": -44.99999632180179,
					"faces": {
						"north": { "texture": "#shingles", "uv": [ 0.0, 0.0, 16.0, 2.0 ], "enabled": false },
						"east": { "texture": "#shingles", "uv": [ 0.0, 0.0, 1.0, 2.0 ] },
						"south": { "texture": "#shingles", "uv": [ 0.0, 8.5, 16.0, 10.5 ] },
						"west": { "texture": "#shingles", "uv": [ 0.0, 0.0, 1.0, 2.0 ] },
						"up": { "texture": "#shingles", "uv": [ 0.0, 0.0, 16.0, 1.0 ], "enabled": false },
						"down": { "texture": "#shingles", "uv": [ 0.0, 0.0, 16.0, 1.0 ], "enabled": false }
					},
					"children": [
						{
							"name": "Cube58",
							"from": [ 0.0, -2.0, 1.0 ], 
							"to": [ 3.0, -1.0, 1.5 ], 
							"rotationOrigin": [ 0.0, -1.0, 0.0 ],
							"rotationX": -45.0,
							"faces": {
								"north": { "texture": "#shingles", "uv": [ 0.0, 10.5, 3.0, 11.5 ] },
								"east": { "texture": "#shingles", "uv": [ 0.0, 0.0, 0.5, 1.0 ], "enabled": false },
								"south": { "texture": "#shingles", "uv": [ 0.0, 10.5, 3.0, 11.5 ] },
								"west": { "texture": "#shingles", "uv": [ 0.0, 0.0, 0.5, 1.0 ] },
								"up": { "texture": "#shingles", "uv": [ 0.0, 0.0, 3.0, 0.5 ], "enabled": false },
								"down": { "texture": "#shingles", "uv": [ 11.0, 3.0, 11.5, 3.5 ], "autoUv": false }
							}
						},
						{
							"name": "Cube58",
							"from": [ 3.0, -2.0, 1.0 ], 
							"to": [ 10.0, -1.0, 1.5 ], 
							"rotationOrigin": [ 3.0, -1.0, 0.0 ],
							"rotationX": -45.0,
							"faces": {
								"north": { "texture": "#shingles", "uv": [ 3.0, 11.0, 10.0, 12.0 ] },
								"east": { "texture": "#shingles", "uv": [ 0.0, 0.0, 0.5, 1.0 ], "enabled": false },
								"south": { "texture": "#shingles", "uv": [ 3.0, 11.0, 10.0, 12.0 ], "autoUv": false },
								"west": { "texture": "#shingles", "uv": [ 0.0, 0.0, 0.5, 1.0 ], "enabled": false },
								"up": { "texture": "#shingles", "uv": [ 0.0, 0.0, 7.0, 0.5 ], "enabled": false },
								"down": { "texture": "#shingles", "uv": [ 11.0, 3.0, 11.5, 3.5 ], "autoUv": false }
							}
						},
						{
							"name": "Cube58",
							"from": [ 10.0, -2.0, 1.0 ], 
							"to": [ 16.0, -1.0, 1.5 ], 
							"rotationOrigin": [ 10.0, -1.0, 0.0 ],
							"rotationX": -45.0,
							"faces": {
								"north": { "texture": "#shingles", "uv": [ 10.0, 11.0, 16.0, 12.0 ] },
								"east": { "texture": "#shingles", "uv": [ 0.0, 0.0, 0.5, 1.0 ] },
								"south": { "texture": "#shingles", "uv": [ 10.0, 10.5, 16.0, 11.5 ], "autoUv": false },
								"west": { "texture": "#shingles", "uv": [ 0.0, 0.0, 0.5, 1.0 ], "enabled": false },
								"up": { "texture": "#shingles", "uv": [ 0.0, 0.0, 6.0, 0.5 ], "enabled": false },
								"down": { "texture": "#shingles", "uv": [ 11.0, 3.0, 11.5, 3.5 ], "autoUv": false }
							}
						}
					]
				}
			]
		},
		{
			"name": "Roof 1",
			"from": [ 9.0, 6.0, 16.0 ], 
			"to": [ 25.0, 7.5, 17.0 ], 
			"rotationOrigin": [ 9.0, 6.0, 16.0 ],
			"rotationX": -90.0,
			"rotationY": 45.0,
			"rotationZ": 90.0,
			"faces": {
				"north": { "texture": "#shingles", "uv": [ 0.0, 0.0, 16.0, 1.5 ] },
				"east": { "texture": "#shingles", "uv": [ 0.0, 0.0, 0.0, 0.5 ], "autoUv": false },
				"south": { "texture": "#shingles", "uv": [ 0.0, 0.0, 16.0, 1.5 ] },
				"west": { "texture": "#shingles", "uv": [ 0.0, 0.0, 0.0, 0.5 ], "autoUv": false },
				"up": { "texture": "#shingles", "uv": [ 0.0, 0.0, 0.5, 0.5 ], "autoUv": false },
				"down": { "texture": "#shingles", "uv": [ 0.0, 0.0, 16.0, 1.0 ], "enabled": false }
			},
			"children": [
				{
					"name": "Cube39",
					"from": [ 0.0, -2.0, 1.0 ], 
					"to": [ 7.0, -1.0, 1.5 ], 
					"rotationOrigin": [ 0.0, -1.0, 0.0 ],
					"rotationX": -45.0,
					"faces": {
						"north": { "texture": "#shingles", "uv": [ 0.0, 0.0, 7.0, 1.0 ] },
						"east": { "texture": "#shingles", "uv": [ 0.0, 0.0, 0.5, 1.0 ], "enabled": false },
						"south": { "texture": "#shingles", "uv": [ 0.0, 2.5, 7.0, 3.5 ] },
						"west": { "texture": "#shingles", "uv": [ 0.0, 0.0, 0.5, 1.0 ] },
						"up": { "texture": "#shingles", "uv": [ 0.0, 0.0, 7.0, 0.5 ], "enabled": false },
						"down": { "texture": "#shingles", "uv": [ 11.0, 3.0, 11.5, 3.5 ], "autoUv": false }
					}
				},
				{
					"name": "Cube41",
					"from": [ 7.0, -2.0, 1.0 ], 
					"to": [ 10.0, -1.0, 1.5 ], 
					"rotationOrigin": [ 7.0, -1.0, 0.0 ],
					"rotationX": -45.0,
					"faces": {
						"north": { "texture": "#shingles", "uv": [ 0.0, 0.0, 3.0, 1.0 ] },
						"east": { "texture": "#shingles", "uv": [ 0.0, 0.0, 0.5, 1.0 ], "enabled": false },
						"south": { "texture": "#shingles", "uv": [ 7.0, 3.5, 10.0, 4.5 ], "autoUv": false },
						"west": { "texture": "#shingles", "uv": [ 0.0, 0.0, 0.5, 1.0 ], "enabled": false },
						"up": { "texture": "#shingles", "uv": [ 0.0, 0.0, 3.0, 0.5 ], "enabled": false },
						"down": { "texture": "#shingles", "uv": [ 11.0, 3.0, 11.5, 3.5 ], "autoUv": false }
					}
				},
				{
					"name": "Cube42",
					"from": [ 10.0, -2.0, 1.0 ], 
					"to": [ 16.0, -1.0, 1.5 ], 
					"rotationOrigin": [ 10.0, -1.0, 0.0 ],
					"rotationX": -45.0,
					"faces": {
						"north": { "texture": "#shingles", "uv": [ 5.5, 0.5, 0.0, 0.0 ], "autoUv": false },
						"east": { "texture": "#shingles", "uv": [ 0.0, 0.0, 0.5, 1.0 ] },
						"south": { "texture": "#shingles", "uv": [ 10.0, 2.5, 16.0, 3.5 ], "autoUv": false },
						"west": { "texture": "#shingles", "uv": [ 0.0, 0.0, 0.5, 1.0 ], "enabled": false },
						"up": { "texture": "#shingles", "uv": [ 0.0, 0.0, 6.0, 0.5 ], "enabled": false },
						"down": { "texture": "#shingles", "uv": [ 11.0, 3.0, 11.5, 3.5 ], "autoUv": false }
					}
				},
				{
					"name": "Roof2",
					"from": [ 0.0, -2.8284, 0.0 ], 
					"to": [ 16.0, -0.8284, 1.0 ], 
					"rotationOrigin": [ 0.0, -2.8284, 0.0 ],
					"rotationX": 1.1299598829081432E-29,
					"rotationY": -3.598386290637047E-14,
					"rotationZ": 3.598386897279676E-14,
					"faces": {
						"north": { "texture": "#shingles", "uv": [ 0.0, 0.0, 16.0, 2.0 ], "enabled": false },
						"east": { "texture": "#shingles", "uv": [ 0.0, 0.0, 1.0, 2.0 ] },
						"south": { "texture": "#shingles", "uv": [ 0.0, 4.0, 16.0, 6.0 ] },
						"west": { "texture": "#shingles", "uv": [ 0.0, 0.0, 1.0, 2.0 ] },
						"up": { "texture": "#shingles", "uv": [ 0.0, 0.0, 16.0, 1.0 ], "enabled": false },
						"down": { "texture": "#shingles", "uv": [ 0.0, 0.0, 16.0, 1.0 ], "enabled": false }
					},
					"children": [
						{
							"name": "Cube10",
							"from": [ 0.0, -2.0, 1.0 ], 
							"to": [ 5.0, -1.0, 1.5 ], 
							"rotationOrigin": [ 0.0, -1.0, 0.0 ],
							"rotationX": -45.0,
							"faces": {
								"north": { "texture": "#shingles", "uv": [ 0.0, 7.0, 5.0, 8.0 ] },
								"east": { "texture": "#shingles", "uv": [ 0.0, 0.0, 0.5, 1.0 ], "enabled": false },
								"south": { "texture": "#shingles", "uv": [ 0.0, 6.5, 5.0, 7.5 ] },
								"west": { "texture": "#shingles", "uv": [ 0.0, 0.0, 0.5, 1.0 ] },
								"up": { "texture": "#shingles", "uv": [ 0.0, 0.0, 5.0, 0.5 ], "enabled": false },
								"down": { "texture": "#shingles", "uv": [ 11.0, 3.0, 11.5, 3.5 ], "autoUv": false }
							}
						},
						{
							"name": "Cube12",
							"from": [ 5.0, -2.0, 1.0 ], 
							"to": [ 8.0, -1.0, 1.5 ], 
							"rotationOrigin": [ 5.0, -1.0, 0.0 ],
							"rotationX": -45.0,
							"faces": {
								"north": { "texture": "#shingles", "uv": [ 5.0, 7.0, 8.0, 8.0 ] },
								"east": { "texture": "#shingles", "uv": [ 0.0, 0.0, 0.5, 1.0 ], "enabled": false },
								"south": { "texture": "#shingles", "uv": [ 5.0, 7.0, 8.0, 8.0 ], "autoUv": false },
								"west": { "texture": "#shingles", "uv": [ 0.0, 0.0, 0.5, 1.0 ], "enabled": false },
								"up": { "texture": "#shingles", "uv": [ 0.0, 0.0, 3.0, 0.5 ], "enabled": false },
								"down": { "texture": "#shingles", "uv": [ 11.0, 3.0, 11.5, 3.5 ], "autoUv": false }
							}
						},
						{
							"name": "Cube13",
							"from": [ 8.0, -2.0, 1.0 ], 
							"to": [ 16.0, -1.0, 1.5 ], 
							"rotationOrigin": [ 8.0, -1.0, 0.0 ],
							"rotationX": -45.0,
							"faces": {
								"north": { "texture": "#shingles", "uv": [ 8.0, 6.5, 16.0, 7.5 ] },
								"east": { "texture": "#shingles", "uv": [ 0.0, 0.0, 0.5, 1.0 ] },
								"south": { "texture": "#shingles", "uv": [ 8.0, 6.5, 16.0, 7.5 ], "autoUv": false },
								"west": { "texture": "#shingles", "uv": [ 0.0, 0.0, 0.5, 1.0 ], "enabled": false },
								"up": { "texture": "#shingles", "uv": [ 0.0, 0.0, 8.0, 0.5 ], "enabled": false },
								"down": { "texture": "#shingles", "uv": [ 11.0, 3.0, 11.5, 3.5 ], "autoUv": false }
							}
						}
					]
				},
				{
					"name": "Roof4",
					"from": [ 0.0, -8.4853, 0.0 ], 
					"to": [ 16.0, -6.4853, 1.0 ], 
					"rotationOrigin": [ 0.0, -8.4853, 0.0 ],
					"rotationX": 1.1299598829081432E-29,
					"rotationY": -3.598386290637047E-14,
					"rotationZ": 3.598386897279676E-14,
					"faces": {
						"north": { "texture": "#shingles", "uv": [ 0.0, 0.0, 16.0, 2.0 ], "enabled": false },
						"east": { "texture": "#shingles", "uv": [ 0.0, 0.0, 1.0, 2.0 ] },
						"south": { "texture": "#shingles", "uv": [ 0.0, 12.0, 16.0, 14.0 ] },
						"west": { "texture": "#shingles", "uv": [ 0.0, 0.0, 1.0, 2.0 ] },
						"up": { "texture": "#shingles", "uv": [ 0.0, 0.0, 16.0, 1.0 ], "enabled": false },
						"down": { "texture": "#shingles", "uv": [ 0.0, 0.0, 16.0, 1.0 ], "enabled": false }
					},
					"children": [
						{
							"name": "Cube22",
							"from": [ 0.0, -2.0, 1.0 ], 
							"to": [ 8.0, -1.0, 1.5 ], 
							"rotationOrigin": [ 0.0, -1.0, 0.0 ],
							"rotationX": -45.0,
							"faces": {
								"north": { "texture": "#shingles", "uv": [ 0.0, 0.0, 8.0, 1.0 ] },
								"east": { "texture": "#shingles", "uv": [ 0.0, 0.0, 0.5, 1.0 ], "enabled": false },
								"south": { "texture": "#shingles", "uv": [ 0.0, 14.5, 8.0, 15.5 ] },
								"west": { "texture": "#shingles", "uv": [ 0.0, 0.0, 0.5, 1.0 ] },
								"up": { "texture": "#shingles", "uv": [ 0.0, 0.0, 8.0, 0.5 ], "enabled": false },
								"down": { "texture": "#shingles", "uv": [ 11.0, 3.0, 11.5, 3.5 ], "autoUv": false }
							}
						},
						{
							"name": "Cube55",
							"from": [ 8.0, -2.0, 1.0 ], 
							"to": [ 12.0, -1.0, 1.5 ], 
							"rotationOrigin": [ 8.0, -1.0, 0.0 ],
							"rotationX": -45.0,
							"faces": {
								"north": { "texture": "#shingles", "uv": [ 4.5, 14.5, 8.5, 15.5 ] },
								"east": { "texture": "#shingles", "uv": [ 0.0, 0.0, 0.5, 1.0 ], "enabled": false },
								"south": { "texture": "#shingles", "uv": [ 4.5, 14.5, 8.5, 15.5 ] },
								"west": { "texture": "#shingles", "uv": [ 0.0, 0.0, 0.5, 1.0 ] },
								"up": { "texture": "#shingles", "uv": [ 0.0, 0.0, 4.0, 0.5 ], "enabled": false },
								"down": { "texture": "#shingles", "uv": [ 11.0, 3.0, 11.5, 3.5 ], "autoUv": false }
							}
						},
						{
							"name": "Cube56",
							"from": [ 12.0, -2.0, 1.0 ], 
							"to": [ 16.0, -1.0, 1.5 ], 
							"rotationOrigin": [ 12.0, -1.0, 0.0 ],
							"rotationX": -45.0,
							"faces": {
								"north": { "texture": "#shingles", "uv": [ 4.5, 14.5, 8.5, 15.5 ] },
								"east": { "texture": "#shingles", "uv": [ 0.0, 0.0, 0.5, 1.0 ] },
								"south": { "texture": "#shingles", "uv": [ 12.0, 14.5, 16.0, 15.5 ] },
								"west": { "texture": "#shingles", "uv": [ 0.0, 0.0, 0.5, 1.0 ] },
								"up": { "texture": "#shingles", "uv": [ 0.0, 0.0, 4.0, 0.5 ], "enabled": false },
								"down": { "texture": "#shingles", "uv": [ 11.0, 3.0, 11.5, 3.5 ], "autoUv": false }
							}
						}
					]
				},
				{
					"name": "Roof3",
					"from": [ 0.0, -5.6569, 0.0 ], 
					"to": [ 16.0, -3.6569, 1.0 ], 
					"rotationOrigin": [ 0.0, -5.6569, 0.0 ],
					"rotationX": 1.1299598829081432E-29,
					"rotationY": -3.598386290637047E-14,
					"rotationZ": 3.598386897279676E-14,
					"faces": {
						"north": { "texture": "#shingles", "uv": [ 0.0, 0.0, 16.0, 2.0 ], "enabled": false },
						"east": { "texture": "#shingles", "uv": [ 0.0, 0.0, 1.0, 2.0 ] },
						"south": { "texture": "#shingles", "uv": [ 0.0, 8.5, 16.0, 10.5 ] },
						"west": { "texture": "#shingles", "uv": [ 0.0, 0.0, 1.0, 2.0 ] },
						"up": { "texture": "#shingles", "uv": [ 0.0, 0.0, 16.0, 1.0 ], "enabled": false },
						"down": { "texture": "#shingles", "uv": [ 0.0, 0.0, 16.0, 1.0 ], "enabled": false }
					},
					"children": [
						{
							"name": "Cube16",
							"from": [ 0.0, -2.0, 1.0 ], 
							"to": [ 3.0, -1.0, 1.5 ], 
							"rotationOrigin": [ 0.0, -1.0, 0.0 ],
							"rotationX": -45.0,
							"faces": {
								"north": { "texture": "#shingles", "uv": [ 0.0, 10.5, 3.0, 11.5 ] },
								"east": { "texture": "#shingles", "uv": [ 0.0, 0.0, 0.5, 1.0 ], "enabled": false },
								"south": { "texture": "#shingles", "uv": [ 0.0, 10.5, 3.0, 11.5 ] },
								"west": { "texture": "#shingles", "uv": [ 0.0, 0.0, 0.5, 1.0 ] },
								"up": { "texture": "#shingles", "uv": [ 0.0, 0.0, 3.0, 0.5 ], "enabled": false },
								"down": { "texture": "#shingles", "uv": [ 11.0, 3.0, 11.5, 3.5 ], "autoUv": false }
							}
						},
						{
							"name": "Cube18",
							"from": [ 3.0, -2.0, 1.0 ], 
							"to": [ 10.0, -1.0, 1.5 ], 
							"rotationOrigin": [ 3.0, -1.0, 0.0 ],
							"rotationX": -45.0,
							"faces": {
								"north": { "texture": "#shingles", "uv": [ 3.0, 11.0, 10.0, 12.0 ] },
								"east": { "texture": "#shingles", "uv": [ 0.0, 0.0, 0.5, 1.0 ], "enabled": false },
								"south": { "texture": "#shingles", "uv": [ 3.0, 11.0, 10.0, 12.0 ], "autoUv": false },
								"west": { "texture": "#shingles", "uv": [ 0.0, 0.0, 0.5, 1.0 ], "enabled": false },
								"up": { "texture": "#shingles", "uv": [ 0.0, 0.0, 7.0, 0.5 ], "enabled": false },
								"down": { "texture": "#shingles", "uv": [ 11.0, 3.0, 11.5, 3.5 ], "autoUv": false }
							}
						},
						{
							"name": "Cube19",
							"from": [ 10.0, -2.0, 1.0 ], 
							"to": [ 16.0, -1.0, 1.5 ], 
							"rotationOrigin": [ 10.0, -1.0, 0.0 ],
							"rotationX": -45.0,
							"faces": {
								"north": { "texture": "#shingles", "uv": [ 10.0, 11.0, 16.0, 12.0 ] },
								"east": { "texture": "#shingles", "uv": [ 0.0, 0.0, 0.5, 1.0 ] },
								"south": { "texture": "#shingles", "uv": [ 10.0, 10.5, 16.0, 11.5 ], "autoUv": false },
								"west": { "texture": "#shingles", "uv": [ 0.0, 0.0, 0.5, 1.0 ], "enabled": false },
								"up": { "texture": "#shingles", "uv": [ 0.0, 0.0, 6.0, 0.5 ], "enabled": false },
								"down": { "texture": "#shingles", "uv": [ 11.0, 3.0, 11.5, 3.5 ], "autoUv": false }
							}
						}
					]
				}
			]
		}
	]}