{
	"editor": {
		"allAngles": false,
		"entityTextureMode": false
	},
	"textureWidth": 16,
	"textureHeight": 16,
	"textureSizes": {
	},
	"textures": {
		"log": "C:/Users/andy-/AppData/Roaming/Vintagestory/assets/survival/textures/block/wood/firepit/log",
		"shingles": "C:/Users/andy-/AppData/Roaming/Vintagestory/assets/survival/textures/block/clay/shingles/red"
	},
	"elements": [
		{
			"name": "Master",
			"from": [ 8.0, 21.7, 8.0 ], 
			"to": [ 8.0, 21.7, 8.0 ], 
			"rotationOrigin": [ 8.0, 21.7, 8.0 ],
			"faces": {
				"north": { "texture": "#log", "uv": [ 0.0, 0.0, 0.5, 0.5 ], "enabled": false },
				"east": { "texture": "#log", "uv": [ 0.0, 0.0, 0.5, 0.5 ], "enabled": false },
				"south": { "texture": "#log", "uv": [ 0.0, 0.0, 0.5, 0.5 ], "enabled": false },
				"west": { "texture": "#log", "uv": [ 0.0, 0.0, 0.5, 0.5 ], "enabled": false },
				"up": { "texture": "#log", "uv": [ 0.0, 0.0, 0.5, 0.5 ], "enabled": false },
				"down": { "texture": "#log", "uv": [ 0.0, 0.0, 0.5, 0.5 ], "enabled": false }
			},
			"children": [
				{
					"name": "Roofs",
					"from": [ -8.0, -15.5, -1.0 ], 
					"to": [ -8.0, -15.5, -1.0 ], 
					"rotationOrigin": [ -8.0, -15.5, -1.0 ],
					"rotationX": -45.0,
					"faces": {
						"north": { "texture": "#shingles", "uv": [ 0.0, 0.0, 0.5, 0.5 ], "enabled": false },
						"east": { "texture": "#shingles", "uv": [ 0.0, 0.0, 0.5, 0.5 ], "enabled": false },
						"south": { "texture": "#shingles", "uv": [ 0.0, 0.0, 0.5, 0.5 ], "enabled": false },
						"west": { "texture": "#shingles", "uv": [ 0.0, 0.0, 0.5, 0.5 ], "enabled": false },
						"up": { "texture": "#shingles", "uv": [ 0.0, 0.0, 0.5, 0.5 ], "enabled": false },
						"down": { "texture": "#shingles", "uv": [ 0.0, 0.0, 0.5, 0.5 ], "enabled": false }
					},
					"children": [
						{
							"name": "Roof Flat",
							"from": [ 0.0, -0.36, 12.0 ], 
							"to": [ 16.0, 15.64, 13.0 ], 
							"rotationOrigin": [ 0.0, 0.5, 12.0 ],
							"rotationX": -45.0,
							"faces": {
								"north": { "texture": "#shingles", "uv": [ 0.0, 0.0, 16.0, 16.0 ], "autoUv": false },
								"east": { "texture": "#shingles", "uv": [ 0.0, 0.0, 0.5, 0.5 ], "autoUv": false },
								"south": { "texture": "#shingles", "uv": [ 0.0, 0.0, 16.0, 16.0 ], "autoUv": false },
								"west": { "texture": "#shingles", "uv": [ 0.0, 0.0, 0.5, 0.5 ], "autoUv": false },
								"up": { "texture": "#shingles", "uv": [ 0.0, 0.0, 16.0, 1.0 ] },
								"down": { "texture": "#shingles", "uv": [ 0.0, 0.0, 16.0, 1.0 ] }
							}
						}
					]
				},
				{
					"name": "wood support 0",
					"from": [ -8.0, -7.5, -7.5 ], 
					"to": [ 8.0, -6.5, -6.5 ], 
					"rotationOrigin": [ -8.0, -7.5, -7.5 ],
					"faces": {
						"north": { "texture": "#log", "uv": [ 0.0, 1.0, 16.0, 2.0 ] },
						"east": { "texture": "#log", "uv": [ 0.0, 0.0, 1.0, 1.0 ] },
						"south": { "texture": "#log", "uv": [ 0.0, 3.0, 16.0, 4.0 ] },
						"west": { "texture": "#log", "uv": [ 0.0, 0.0, 1.0, 1.0 ] },
						"up": { "texture": "#log", "uv": [ 0.0, 2.0, 16.0, 3.0 ] },
						"down": { "texture": "#log", "uv": [ 0.0, 6.0, 16.0, 7.0 ] }
					},
					"children": [
						{
							"name": "Cube 1",
							"from": [ 2.5, 0.5, 14.8 ], 
							"to": [ 4.5, 13.5, 15.2 ], 
							"rotationOrigin": [ 3.0, 0.0, 14.5 ],
							"rotationX": -90.00000188862919,
							"faces": {
								"north": { "texture": "#log", "uv": [ 0.0, 0.0, 16.0, 2.5 ], "rotation": 90, "autoUv": false },
								"east": { "texture": "#log", "uv": [ 0.0, 0.0, 16.0, 1.0 ], "rotation": 90, "autoUv": false },
								"south": { "texture": "#log", "uv": [ 0.0, 0.0, 16.0, 2.5 ], "rotation": 90, "autoUv": false },
								"west": { "texture": "#log", "uv": [ 0.0, 0.0, 16.0, 1.0 ], "rotation": 90, "autoUv": false },
								"up": { "texture": "#log", "uv": [ 3.0, 7.5, 5.0, 8.0 ], "enabled": false },
								"down": { "texture": "#log", "uv": [ 0.0, 0.0, 0.5, 2.0 ], "rotation": 90, "enabled": false }
							}
						},
						{
							"name": "Cube 2",
							"from": [ 5.5, 0.5, 14.8 ], 
							"to": [ 7.5, 13.5, 15.2 ], 
							"rotationOrigin": [ 6.0, 0.0, 14.5 ],
							"rotationX": -90.00000188862919,
							"faces": {
								"north": { "texture": "#log", "uv": [ 0.0, 0.0, 16.0, 2.5 ], "rotation": 90, "autoUv": false },
								"east": { "texture": "#log", "uv": [ 0.0, 0.0, 16.0, 1.0 ], "rotation": 90, "autoUv": false },
								"south": { "texture": "#log", "uv": [ 0.0, 0.0, 16.0, 2.5 ], "rotation": 90, "autoUv": false },
								"west": { "texture": "#log", "uv": [ 0.0, 0.0, 16.0, 1.0 ], "rotation": 90, "autoUv": false },
								"up": { "texture": "#log", "uv": [ 3.0, 7.5, 5.0, 8.0 ], "enabled": false },
								"down": { "texture": "#log", "uv": [ 0.0, 0.0, 0.5, 2.0 ], "rotation": 90, "enabled": false }
							}
						},
						{
							"name": "Cube 4",
							"from": [ 8.5, 0.5, 14.8 ], 
							"to": [ 10.5, 13.5, 15.2 ], 
							"rotationOrigin": [ 9.0, 0.0, 14.5 ],
							"rotationX": -90.00000188862919,
							"faces": {
								"north": { "texture": "#log", "uv": [ 0.0, 0.0, 16.0, 2.5 ], "rotation": 90, "autoUv": false },
								"east": { "texture": "#log", "uv": [ 0.0, 0.0, 16.0, 1.0 ], "rotation": 90, "autoUv": false },
								"south": { "texture": "#log", "uv": [ 0.0, 0.0, 16.0, 2.5 ], "rotation": 90, "autoUv": false },
								"west": { "texture": "#log", "uv": [ 0.0, 0.0, 16.0, 1.0 ], "rotation": 90, "autoUv": false },
								"up": { "texture": "#log", "uv": [ 3.0, 7.5, 5.0, 8.0 ], "enabled": false },
								"down": { "texture": "#log", "uv": [ 0.0, 0.0, 0.5, 2.0 ], "rotation": 90, "enabled": false }
							}
						},
						{
							"name": "Cube 5",
							"from": [ 11.5, 0.5, 14.8 ], 
							"to": [ 13.5, 13.5, 15.2 ], 
							"rotationOrigin": [ 12.0, 0.0, 14.5 ],
							"rotationX": -90.00000188862919,
							"faces": {
								"north": { "texture": "#log", "uv": [ 0.0, 0.0, 16.0, 2.5 ], "rotation": 90, "autoUv": false },
								"east": { "texture": "#log", "uv": [ 0.0, 0.0, 16.0, 1.0 ], "rotation": 90, "autoUv": false },
								"south": { "texture": "#log", "uv": [ 0.0, 0.0, 16.0, 2.5 ], "rotation": 90, "autoUv": false },
								"west": { "texture": "#log", "uv": [ 0.0, 0.0, 16.0, 1.0 ], "rotation": 90, "autoUv": false },
								"up": { "texture": "#log", "uv": [ 3.0, 7.5, 5.0, 8.0 ], "enabled": false },
								"down": { "texture": "#log", "uv": [ 0.0, 0.0, 0.5, 2.0 ], "rotation": 90, "enabled": false }
							}
						}
					]
				},
				{
					"name": "wood support 1",
					"from": [ -8.0, -7.5, 6.5 ], 
					"to": [ 8.0, -6.5, 7.5 ], 
					"rotationOrigin": [ -8.0, -7.5, 6.5 ],
					"faces": {
						"north": { "texture": "#log", "uv": [ 0.0, 1.0, 16.0, 2.0 ] },
						"east": { "texture": "#log", "uv": [ 0.0, 0.0, 1.0, 1.0 ] },
						"south": { "texture": "#log", "uv": [ 0.0, 3.0, 16.0, 4.0 ] },
						"west": { "texture": "#log", "uv": [ 0.0, 0.0, 1.0, 1.0 ] },
						"up": { "texture": "#log", "uv": [ 0.0, 2.0, 16.0, 3.0 ] },
						"down": { "texture": "#log", "uv": [ 0.0, 6.0, 16.0, 7.0 ] }
					}
				},
				{
					"name": "wood support 4",
					"from": [ -6.5, -7.5, -6.5 ], 
					"to": [ 6.5, -6.5, -5.5 ], 
					"rotationOrigin": [ -6.5, -7.5, -6.5 ],
					"rotationY": -90.0,
					"faces": {
						"north": { "texture": "#log", "uv": [ 0.0, 1.0, 13.0, 2.0 ] },
						"east": { "texture": "#log", "uv": [ 0.0, 0.0, 1.0, 1.0 ] },
						"south": { "texture": "#log", "uv": [ 0.0, 3.0, 13.0, 4.0 ] },
						"west": { "texture": "#log", "uv": [ 0.0, 0.0, 1.0, 1.0 ] },
						"up": { "texture": "#log", "uv": [ 0.0, 2.0, 13.0, 3.0 ] },
						"down": { "texture": "#log", "uv": [ 0.0, 6.0, 13.0, 7.0 ] }
					}
				},
				{
					"name": "wood support 3",
					"from": [ 7.5, -7.5, -6.5 ], 
					"to": [ 20.5, -6.5, -5.5 ], 
					"rotationOrigin": [ 7.5, -7.5, -6.5 ],
					"rotationY": -90.0,
					"faces": {
						"north": { "texture": "#log", "uv": [ 0.0, 1.0, 13.0, 2.0 ] },
						"east": { "texture": "#log", "uv": [ 0.0, 0.0, 1.0, 1.0 ] },
						"south": { "texture": "#log", "uv": [ 0.0, 3.0, 13.0, 4.0 ] },
						"west": { "texture": "#log", "uv": [ 0.0, 0.0, 1.0, 1.0 ] },
						"up": { "texture": "#log", "uv": [ 0.0, 2.0, 13.0, 3.0 ] },
						"down": { "texture": "#log", "uv": [ 0.0, 6.0, 13.0, 7.0 ] }
					}
				}
			]
		}
	]}