{
	"code": "wireplate",
	"class": "BlockWire",
	"entityclass": "BEEWire",
	"variantgroups": [
		{
			"code": "type",
			"states": [ "tin-electricjunction" ]
		}
	],
	"creativeinventory": {
		"general": [ "*" ],
		"qptech": [ "*" ]
	},
	"attributesByType": {
		"*tin-electricjunction": {
			"maxFlux": 500,

			"capacitance": 500,
			"receptionFaces": [ "up", "down", "north", "south", "east", "west" ],
			"distributionFaces": [ "up", "down", "north", "south", "east", "west" ]
		}
	},
	"blockmaterial": "Metal",
	"drawtype": "json",
	"shape": { "base": "block/metal/electric/wires/wireplate-{type}" },
	"textures": {
		"wires": { "base": "block/metal/wires/tin-wires" },
		"castiron": { "base": "block/castiron" }
	},
	"resistance": 1,
	"sideopaque": {
		"all": false
	},
	"sidesolid": {
		"up": true,
		"down": true,
		"north": false,
		"east": false,
		"south": false,
		"west": false
	},
	"selectionBox": { x1: 0, y1: 0, z1: 0, x2: 1, y2: 1.125, z2: 1 },
	"collisionBox": { x1: 0, y1: 0, z1: 0, x2: 1, y2: 1.125, z2: 1 },
	"sounds": {
		"place": "game:block/anvil",
		"walk": "game:walk/stone"
	}
}