﻿{

	"rock": [
		{
			"outputmaterial": "gravel",
			"outputquantity": 1,
			"odds": 100
		},
		{
			"outputmaterial": "stone",
			"outputquantity": 4,
			"odds": 50
		}

	],
	"gravel": [
		{
			"outputmaterial": "sand",
			"outputquantity": 1,
			"odds": 100
		},
		{
			"outputmaterial": "stone",
			"outputquantity": 2,
			"odds": 10
		}
	],
	"stone": [
		{
			"outputmaterial": "sand",
			"outputquantity": 1,
			"odds": 25
		},
		{
			"outputmaterial": "gravel",
			"outputquantity": 1,
			"odds": 25
		}
	],
	"grain": [
		{
			"outputmaterial": "flour",
			"outputquantity": 1,
			"odds": 100
		},
		{
			"outputmaterial": "flour",
			"outputquantity": 1,
			"odds": 25
		}
	],
	"game:stone-halite": [
		{
			"outputmaterial": "game:salt",
			"outputquantity": 2,
			"odds": 100,
			"type": 0
		},
		{
			"outputmaterial": "game:salt",
			"outputquantity": 2,
			"odds": 15,
			"type": 0
		}
	],
	"sand": [
		{
			"outputmaterial": "sand",
			"outputquantity": 1,
			"odds": 100
		},
		{
			"outputmaterial": "game:clay-blue",
			"outputquantity": 1,
			"odds": 10,
			"type": "PARTIAL",
			"machinename": "washplant"
		},
		{
			"outputmaterial": "game:clay-fire",
			"outputquantity": 1,
			"odds": 5,
			"type": "PARTIAL",
			"machinename": "washplant"
		},
		{
			"outputmaterial": "sand",
			"outputquantity": 1,
			"odds": 25,
			"machinename": "washplant"
		},
		{
			"outputmaterial": "game:nugget-nativecopper",
			"outputquantity": 3,
			"odds": 5,
			"type": "PARTIAL",
			"machinename": "washplant"
		},
		{
			"outputmaterial": "game:nugget-cassiterite",
			"outputquantity": 1,
			"odds": 2,
			"type": "PARTIAL",
			"machinename": "washplant"
		},
		{
			"outputmaterial": "game:nugget-sphalerite",
			"outputquantity": 1,
			"odds": 2,
			"type": "PARTIAL",
			"machinename": "washplant"
		},
		{
			"outputmaterial": "game:nugget-bismuth",
			"outputquantity": 1,
			"odds": 1,
			"type": "PARTIAL",
			"machinename": "washplant"
		},
		{
			"outputmaterial": "game:nugget-magnetite",
			"outputquantity": 1,
			"odds": 0.5,
			"type": "PARTIAL",
			"machinename": "washplant"
		}

	],
	"muddygravel": [
		{
			"outputmaterial": "game:clay-blue",
			"outputquantity": 4,
			"odds": 50,
			"type": "PARTIAL",
			"machinename": "washplant"
		},
		{
			"outputmaterial": "game:clay-fire",
			"outputquantity": 4,
			"odds": 25,
			"type": "PARTIAL",
			"machinename": "washplant"
		},
		{
			"outputmaterial": "game:nugget-gold",
			"outputquantity": 1,
			"odds": 0.1,
			"type": "PARTIAL",
			"machinename": "washplant"
		},
		{
			"outputmaterial": "game:nugget-silver",
			"outputquantity": 1,
			"odds": 0.1,
			"type": "PARTIAL",
			"machinename": "washplant"
		}
	]


}