{
	"editor": {
		"allAngles": false,
		"entityTextureMode": false
	},
	"textureWidth": 16,
	"textureHeight": 16,
	"textureSizes": {
	},
	"textures": {
		"bricks": "C:/Users/andy-/AppData/Roaming/Vintagestory/assets/survival/textures/block/stone/brick/granite1",
		"log": "C:/Users/andy-/AppData/Roaming/Vintagestory/assets/survival/textures/block/wood/firepit/log"
	},
	"elements": [
		{
			"name": "Insides 2",
			"from": [ 3.0, 0.2, 16.0 ], 
			"to": [ 3.0, 0.2, 16.0 ], 
			"rotationOrigin": [ 3.0, 0.2, 16.0 ],
			"rotationX": -90.0,
			"faces": {
				"north": { "texture": "#bricks", "uv": [ 0.0, 0.0, 0.5, 0.5 ], "enabled": false },
				"east": { "texture": "#bricks", "uv": [ 0.0, 0.0, 0.5, 0.5 ], "enabled": false },
				"south": { "texture": "#bricks", "uv": [ 0.0, 0.0, 0.5, 0.5 ], "enabled": false },
				"west": { "texture": "#bricks", "uv": [ 0.0, 0.0, 0.5, 0.5 ], "enabled": false },
				"up": { "texture": "#bricks", "uv": [ 0.0, 0.0, 0.5, 0.5 ], "enabled": false },
				"down": { "texture": "#bricks", "uv": [ 0.0, 0.0, 0.5, 0.5 ], "enabled": false }
			},
			"children": [
				{
					"name": "Inside 75",
					"from": [ 4.0, 0.0, 0.4 ], 
					"to": [ 6.0, 13.5, 0.6 ], 
					"rotationOrigin": [ 4.5, -0.4, -1.0 ],
					"rotationX": -1.7075471987482165E-6,
					"faces": {
						"north": { "texture": "#log", "uv": [ 0.0, 4.0, 13.5, 6.0 ], "rotation": 90 },
						"east": { "texture": "#log", "uv": [ 0.0, 1.0, 16.0, 2.5 ], "rotation": 90, "autoUv": false },
						"south": { "texture": "#log", "uv": [ 0.0, 4.0, 13.5, 6.0 ], "rotation": 90 },
						"west": { "texture": "#log", "uv": [ 0.0, 1.5, 16.0, 3.0 ], "rotation": 90, "autoUv": false },
						"up": { "texture": "#log", "uv": [ 14.0, 14.0, 16.0, 16.0 ], "autoUv": false },
						"down": { "texture": "#log", "uv": [ 14.0, 14.0, 16.0, 16.0 ], "autoUv": false }
					}
				},
				{
					"name": "Inside 3",
					"from": [ 4.2, 0.0, 0.2 ], 
					"to": [ 6.2, 14.5, 0.4 ], 
					"rotationOrigin": [ 4.5, -0.4, -1.0 ],
					"rotationX": -1.7075471987482165E-6,
					"faces": {
						"north": { "texture": "#log", "uv": [ 0.0, 4.0, 14.5, 6.0 ], "rotation": 90 },
						"east": { "texture": "#log", "uv": [ 0.0, 1.0, 16.0, 2.5 ], "rotation": 90, "autoUv": false },
						"south": { "texture": "#log", "uv": [ 0.0, 4.0, 14.5, 6.0 ], "rotation": 90 },
						"west": { "texture": "#log", "uv": [ 0.0, 1.5, 16.0, 3.0 ], "rotation": 90, "autoUv": false },
						"up": { "texture": "#log", "uv": [ 14.0, 14.0, 16.0, 16.0 ], "autoUv": false },
						"down": { "texture": "#log", "uv": [ 14.0, 14.0, 16.0, 16.0 ], "autoUv": false }
					}
				},
				{
					"name": "Inside 4",
					"from": [ 4.1, 1.0, 0.6 ], 
					"to": [ 6.1, 11.5, 0.8 ], 
					"rotationOrigin": [ 4.5, 0.6, -1.0 ],
					"rotationX": -1.7075471987482165E-6,
					"faces": {
						"north": { "texture": "#log", "uv": [ 0.0, 4.0, 10.5, 6.0 ], "rotation": 90 },
						"east": { "texture": "#log", "uv": [ 0.0, 1.0, 16.0, 2.5 ], "rotation": 90, "autoUv": false },
						"south": { "texture": "#log", "uv": [ 0.0, 4.0, 10.5, 6.0 ], "rotation": 90 },
						"west": { "texture": "#log", "uv": [ 0.0, 1.5, 16.0, 3.0 ], "rotation": 90, "autoUv": false },
						"up": { "texture": "#log", "uv": [ 14.0, 14.0, 16.0, 16.0 ], "autoUv": false },
						"down": { "texture": "#log", "uv": [ 14.0, 14.0, 16.0, 16.0 ], "autoUv": false }
					}
				}
			]
		}
	]}