{
	"editor": {
		"allAngles": false,
		"entityTextureMode": false
	},
	"textureWidth": 16,
	"textureHeight": 16,
	"textureSizes": {
	},
	"textures": {
		"machinery-grate": "block/machinery-grate",
		"castiron": "block/castiron",
		"shinybrass": "block/shinybrass",
		"machinery": "block/machinery"
	},
	"elements": [
		{
			"name": "BasePlate",
			"from": [ 0.0, 0.0, 0.0 ], 
			"to": [ 16.0, 1.0, 16.0 ], 
			"faces": {
				"north": { "texture": "#machinery", "uv": [ 0.0, 0.0, 16.0, 1.0 ] },
				"east": { "texture": "#machinery", "uv": [ 0.0, 0.0, 16.0, 1.0 ] },
				"south": { "texture": "#machinery", "uv": [ 0.0, 0.0, 16.0, 1.0 ] },
				"west": { "texture": "#machinery", "uv": [ 0.0, 0.0, 16.0, 1.0 ] },
				"up": { "texture": "#machinery", "uv": [ 0.0, 0.0, 16.0, 16.0 ] },
				"down": { "texture": "#machinery", "uv": [ 0.0, 0.0, 16.0, 16.0 ] }
			},
			"children": [
				{
					"name": "BackPlate",
					"from": [ 4.0, 1.0, 0.0 ], 
					"to": [ 12.0, 8.0, 1.0 ], 
					"rotationOrigin": [ 4.0, 1.0, 0.0 ],
					"faces": {
						"north": { "texture": "#machinery", "uv": [ 4.5, 0.0, 12.5, 7.0 ] },
						"east": { "texture": "#machinery", "uv": [ 0.0, 0.0, 1.0, 7.0 ] },
						"south": { "texture": "#machinery", "uv": [ 5.5, 0.0, 13.5, 7.0 ] },
						"west": { "texture": "#machinery", "uv": [ 0.0, 0.0, 1.0, 7.0 ] },
						"up": { "texture": "#machinery", "uv": [ 0.0, 0.0, 8.0, 1.0 ] },
						"down": { "texture": "#machinery", "uv": [ 0.0, 0.0, 8.0, 1.0 ] }
					}
				},
				{
					"name": "Column",
					"from": [ 0.0, 1.0, 14.0 ], 
					"to": [ 2.0, 14.0, 16.0 ], 
					"rotationOrigin": [ 0.0, 1.0, 14.0 ],
					"faces": {
						"north": { "texture": "#machinery", "uv": [ 0.0, 0.0, 2.0, 13.0 ] },
						"east": { "texture": "#machinery", "uv": [ 0.0, 0.0, 2.0, 13.0 ] },
						"south": { "texture": "#machinery", "uv": [ 0.0, 0.0, 2.0, 13.0 ] },
						"west": { "texture": "#machinery", "uv": [ 0.0, 0.0, 2.0, 13.0 ] },
						"up": { "texture": "#machinery", "uv": [ 0.0, 0.0, 2.0, 2.0 ] },
						"down": { "texture": "#machinery", "uv": [ 0.0, 0.0, 2.0, 2.0 ] }
					}
				},
				{
					"name": "Column5",
					"from": [ 14.0, 1.0, 14.0 ], 
					"to": [ 16.0, 14.0, 16.0 ], 
					"rotationOrigin": [ 14.0, 1.0, 14.0 ],
					"faces": {
						"north": { "texture": "#machinery", "uv": [ 0.0, 0.0, 2.0, 13.0 ] },
						"east": { "texture": "#machinery", "uv": [ 0.0, 0.0, 2.0, 13.0 ] },
						"south": { "texture": "#machinery", "uv": [ 0.0, 0.0, 2.0, 13.0 ] },
						"west": { "texture": "#machinery", "uv": [ 0.0, 0.0, 2.0, 13.0 ] },
						"up": { "texture": "#machinery", "uv": [ 0.0, 0.0, 2.0, 2.0 ] },
						"down": { "texture": "#machinery", "uv": [ 0.0, 0.0, 2.0, 2.0 ] }
					}
				},
				{
					"name": "Column6",
					"from": [ 0.0, 1.0, 0.0 ], 
					"to": [ 2.0, 14.0, 2.0 ], 
					"rotationOrigin": [ 0.0, 1.0, 0.0 ],
					"faces": {
						"north": { "texture": "#machinery", "uv": [ 0.0, 0.0, 2.0, 13.0 ] },
						"east": { "texture": "#machinery", "uv": [ 0.0, 0.0, 2.0, 13.0 ] },
						"south": { "texture": "#machinery", "uv": [ 0.0, 0.0, 2.0, 13.0 ] },
						"west": { "texture": "#machinery", "uv": [ 0.0, 0.0, 2.0, 13.0 ] },
						"up": { "texture": "#machinery", "uv": [ 0.0, 0.0, 2.0, 2.0 ] },
						"down": { "texture": "#machinery", "uv": [ 0.0, 0.0, 2.0, 2.0 ] }
					}
				},
				{
					"name": "Column7",
					"from": [ 14.0, 1.0, 0.0 ], 
					"to": [ 16.0, 14.0, 2.0 ], 
					"rotationOrigin": [ 14.0, 1.0, 0.0 ],
					"faces": {
						"north": { "texture": "#machinery", "uv": [ 0.0, 0.0, 2.0, 13.0 ] },
						"east": { "texture": "#machinery", "uv": [ 0.0, 0.0, 2.0, 13.0 ] },
						"south": { "texture": "#machinery", "uv": [ 0.0, 0.0, 2.0, 13.0 ] },
						"west": { "texture": "#machinery", "uv": [ 0.0, 0.0, 2.0, 13.0 ] },
						"up": { "texture": "#machinery", "uv": [ 0.0, 0.0, 2.0, 2.0 ] },
						"down": { "texture": "#machinery", "uv": [ 0.0, 0.0, 2.0, 2.0 ] }
					}
				},
				{
					"name": "Turbine",
					"from": [ 2.0, 4.0, 4.0 ], 
					"to": [ 5.0, 12.0, 12.0 ], 
					"rotationOrigin": [ 2.0, 4.0, 4.0 ],
					"faces": {
						"north": { "texture": "#machinery", "uv": [ 0.0, 0.0, 3.0, 8.0 ] },
						"east": { "texture": "#castiron", "uv": [ 0.0, 0.0, 16.0, 16.0 ], "autoUv": false },
						"south": { "texture": "#machinery", "uv": [ 0.0, 0.0, 3.0, 8.0 ] },
						"west": { "texture": "#machinery-grate", "uv": [ 0.0, 0.0, 16.0, 16.0 ], "autoUv": false },
						"up": { "texture": "#machinery", "uv": [ 0.0, 0.0, 3.0, 8.0 ] },
						"down": { "texture": "#machinery", "uv": [ 0.0, 0.0, 3.0, 8.0 ] }
					},
					"children": [
						{
							"name": "Rotor",
							"from": [ 3.0, 3.0, 1.0 ], 
							"to": [ 9.0, 4.0, 7.0 ], 
							"rotationOrigin": [ 3.0, 4.0, 4.0 ],
							"faces": {
								"north": { "texture": "#castiron", "uv": [ 0.0, 0.0, 6.0, 1.0 ] },
								"east": { "texture": "#castiron", "uv": [ 0.0, 0.0, 16.0, 16.0 ], "autoUv": false },
								"south": { "texture": "#castiron", "uv": [ 0.0, 0.0, 6.0, 1.0 ] },
								"west": { "texture": "#castiron", "uv": [ 0.0, 0.0, 16.0, 16.0 ], "autoUv": false },
								"up": { "texture": "#castiron", "uv": [ 0.0, 0.0, 6.0, 6.0 ] },
								"down": { "texture": "#castiron", "uv": [ 0.0, 0.0, 6.0, 6.0 ] }
							},
							"children": [
								{
									"name": "Rotor2",
									"from": [ 0.0, 2.5, 2.5 ], 
									"to": [ 6.0, 3.5, 8.5 ], 
									"rotationOrigin": [ 0.0, 3.0, 3.0 ],
									"rotationX": 90.0,
									"faces": {
										"north": { "texture": "#castiron", "uv": [ 0.0, 0.0, 6.0, 1.0 ] },
										"east": { "texture": "#castiron", "uv": [ 0.0, 0.0, 16.0, 16.0 ], "autoUv": false },
										"south": { "texture": "#castiron", "uv": [ 0.0, 0.0, 6.0, 1.0 ] },
										"west": { "texture": "#castiron", "uv": [ 0.0, 0.0, 16.0, 16.0 ], "autoUv": false },
										"up": { "texture": "#castiron", "uv": [ 0.0, 0.0, 6.0, 6.0 ] },
										"down": { "texture": "#castiron", "uv": [ 0.0, 0.0, 6.0, 6.0 ] }
									}
								}
							]
						},
						{
							"name": "TopPlate15",
							"from": [ 0.0, -1.0, 0.0 ], 
							"to": [ 12.0, 0.0, 8.0 ], 
							"rotationOrigin": [ 0.0, -1.0, 0.0 ],
							"faces": {
								"north": { "texture": "#machinery", "uv": [ 0.0, 0.0, 12.0, 1.0 ] },
								"east": { "texture": "#machinery", "uv": [ 0.0, 0.0, 8.0, 1.0 ] },
								"south": { "texture": "#machinery", "uv": [ 0.0, 0.0, 12.0, 1.0 ] },
								"west": { "texture": "#machinery", "uv": [ 0.0, 0.0, 8.0, 1.0 ] },
								"up": { "texture": "#machinery", "uv": [ 0.0, 0.0, 12.0, 8.0 ] },
								"down": { "texture": "#machinery", "uv": [ 0.0, 0.0, 12.0, 8.0 ] }
							},
							"children": [
								{
									"name": "TopPlate14",
									"from": [ 0.0, 9.0, 0.0 ], 
									"to": [ 12.0, 10.0, 8.0 ], 
									"rotationOrigin": [ 0.0, 9.0, 0.0 ],
									"faces": {
										"north": { "texture": "#machinery", "uv": [ 0.0, 0.0, 12.0, 1.0 ] },
										"east": { "texture": "#machinery", "uv": [ 0.0, 0.0, 8.0, 1.0 ] },
										"south": { "texture": "#machinery", "uv": [ 0.0, 0.0, 12.0, 1.0 ] },
										"west": { "texture": "#machinery", "uv": [ 0.0, 0.0, 8.0, 1.0 ] },
										"up": { "texture": "#machinery", "uv": [ 0.0, 0.0, 12.0, 8.0 ] },
										"down": { "texture": "#machinery", "uv": [ 0.0, 0.0, 12.0, 8.0 ] }
									}
								},
								{
									"name": "Turbine11",
									"from": [ 9.0, 1.0, 0.0 ], 
									"to": [ 12.0, 9.0, 8.0 ], 
									"rotationOrigin": [ 9.0, 1.0, 0.0 ],
									"faces": {
										"north": { "texture": "#machinery", "uv": [ 0.0, 0.0, 3.0, 8.0 ] },
										"east": { "texture": "#machinery-grate", "uv": [ 0.0, 0.0, 16.0, 16.0 ], "autoUv": false },
										"south": { "texture": "#machinery", "uv": [ 0.0, 0.0, 3.0, 8.0 ] },
										"west": { "texture": "#castiron", "uv": [ 0.0, 0.0, 16.0, 16.0 ], "autoUv": false },
										"up": { "texture": "#machinery", "uv": [ 0.0, 0.0, 3.0, 8.0 ] },
										"down": { "texture": "#machinery", "uv": [ 0.0, 0.0, 3.0, 8.0 ] }
									}
								}
							]
						}
					]
				},
				{
					"name": "wire",
					"from": [ 6.0, 3.0, -1.0 ], 
					"to": [ 7.0, 4.0, 4.0 ], 
					"rotationOrigin": [ 6.0, 3.0, -1.0 ],
					"faces": {
						"north": { "texture": "#castiron", "uv": [ 0.0, 0.0, 1.0, 1.0 ] },
						"east": { "texture": "#castiron", "uv": [ 0.0, 0.0, 5.0, 1.0 ] },
						"south": { "texture": "#castiron", "uv": [ 0.0, 0.0, 1.0, 1.0 ] },
						"west": { "texture": "#castiron", "uv": [ 0.0, 0.0, 5.0, 1.0 ] },
						"up": { "texture": "#castiron", "uv": [ 0.0, 0.0, 1.0, 5.0 ] },
						"down": { "texture": "#castiron", "uv": [ 0.0, 0.0, 1.0, 5.0 ] }
					},
					"children": [
						{
							"name": "wire10",
							"from": [ 3.0, 0.0, 0.0 ], 
							"to": [ 4.0, 1.0, 5.0 ], 
							"rotationOrigin": [ 3.0, 0.0, 0.0 ],
							"faces": {
								"north": { "texture": "#castiron", "uv": [ 0.0, 0.0, 1.0, 1.0 ] },
								"east": { "texture": "#castiron", "uv": [ 0.0, 0.0, 5.0, 1.0 ] },
								"south": { "texture": "#castiron", "uv": [ 0.0, 0.0, 1.0, 1.0 ] },
								"west": { "texture": "#castiron", "uv": [ 0.0, 0.0, 5.0, 1.0 ] },
								"up": { "texture": "#castiron", "uv": [ 0.0, 0.0, 1.0, 5.0 ] },
								"down": { "texture": "#castiron", "uv": [ 0.0, 0.0, 1.0, 5.0 ] }
							}
						}
					]
				},
				{
					"name": "Backbar",
					"from": [ 2.0, 9.0, 0.0 ], 
					"to": [ 14.0, 11.0, 1.0 ], 
					"rotationOrigin": [ 2.0, 9.0, 0.0 ],
					"faces": {
						"north": { "texture": "#machinery", "uv": [ 3.5, 0.0, 15.5, 2.0 ] },
						"east": { "texture": "#machinery", "uv": [ 0.0, 0.0, 1.0, 2.0 ] },
						"south": { "texture": "#machinery", "uv": [ 3.5, 0.5, 15.5, 2.5 ] },
						"west": { "texture": "#machinery", "uv": [ 0.0, 0.0, 1.0, 2.0 ] },
						"up": { "texture": "#machinery", "uv": [ 0.0, 0.0, 12.0, 1.0 ] },
						"down": { "texture": "#machinery", "uv": [ 0.0, 0.0, 12.0, 1.0 ] }
					}
				},
				{
					"name": "Backbar17",
					"from": [ 2.0, 12.0, 0.0 ], 
					"to": [ 14.0, 14.0, 1.0 ], 
					"rotationOrigin": [ 2.0, 12.0, 0.0 ],
					"faces": {
						"north": { "texture": "#machinery", "uv": [ 3.5, 0.0, 15.5, 2.0 ] },
						"east": { "texture": "#machinery", "uv": [ 0.0, 0.0, 1.0, 2.0 ] },
						"south": { "texture": "#machinery", "uv": [ 3.5, 0.5, 15.5, 2.5 ] },
						"west": { "texture": "#machinery", "uv": [ 0.0, 0.0, 1.0, 2.0 ] },
						"up": { "texture": "#machinery", "uv": [ 0.0, 0.0, 12.0, 1.0 ] },
						"down": { "texture": "#machinery", "uv": [ 0.0, 0.0, 12.0, 1.0 ] }
					}
				},
				{
					"name": "Terminal",
					"from": [ 6.0, 1.0, -1.0 ], 
					"to": [ 7.0, 3.0, 0.0 ], 
					"rotationOrigin": [ 6.0, 1.0, -1.0 ],
					"faces": {
						"north": { "texture": "#castiron", "uv": [ 0.0, 0.0, 1.0, 2.0 ] },
						"east": { "texture": "#castiron", "uv": [ 0.0, 0.0, 1.0, 2.0 ] },
						"south": { "texture": "#castiron", "uv": [ 0.0, 0.0, 1.0, 2.0 ] },
						"west": { "texture": "#castiron", "uv": [ 0.0, 0.0, 1.0, 2.0 ] },
						"up": { "texture": "#castiron", "uv": [ 0.0, 0.0, 1.0, 1.0 ] },
						"down": { "texture": "#castiron", "uv": [ 0.0, 0.0, 1.0, 1.0 ] }
					},
					"children": [
						{
							"name": "wire19",
							"from": [ 3.0, 0.0, 0.0 ], 
							"to": [ 4.0, 2.0, 1.0 ], 
							"rotationOrigin": [ 3.0, 0.0, 0.0 ],
							"faces": {
								"north": { "texture": "#castiron", "uv": [ 0.0, 0.0, 1.0, 2.0 ] },
								"east": { "texture": "#castiron", "uv": [ 0.0, 0.0, 1.0, 2.0 ] },
								"south": { "texture": "#castiron", "uv": [ 0.0, 0.0, 1.0, 2.0 ] },
								"west": { "texture": "#castiron", "uv": [ 0.0, 0.0, 1.0, 2.0 ] },
								"up": { "texture": "#castiron", "uv": [ 0.0, 0.0, 1.0, 1.0 ] },
								"down": { "texture": "#castiron", "uv": [ 0.0, 0.0, 1.0, 1.0 ] }
							}
						}
					]
				},
				{
					"name": "BrassCoil",
					"from": [ 2.0, 1.0, 3.0 ], 
					"to": [ 4.0, 3.0, 14.0 ], 
					"rotationOrigin": [ 2.0, 1.0, 3.0 ],
					"faces": {
						"north": { "texture": "#shinybrass", "uv": [ 0.0, 0.0, 2.0, 2.0 ] },
						"east": { "texture": "#shinybrass", "uv": [ 0.0, 0.0, 11.0, 2.0 ] },
						"south": { "texture": "#shinybrass", "uv": [ 0.0, 0.0, 2.0, 2.0 ] },
						"west": { "texture": "#shinybrass", "uv": [ 0.0, 0.0, 11.0, 2.0 ] },
						"up": { "texture": "#shinybrass", "uv": [ 0.0, 0.0, 2.0, 11.0 ] },
						"down": { "texture": "#shinybrass", "uv": [ 0.0, 0.0, 2.0, 11.0 ] }
					}
				},
				{
					"name": "BrassCoil21",
					"from": [ 4.0, 1.0, 12.0 ], 
					"to": [ 16.0, 3.0, 14.0 ], 
					"rotationOrigin": [ 4.0, 1.0, 12.0 ],
					"faces": {
						"north": { "texture": "#shinybrass", "uv": [ 0.0, 0.0, 12.0, 2.0 ] },
						"east": { "texture": "#shinybrass", "uv": [ 0.0, 0.0, 2.0, 2.0 ] },
						"south": { "texture": "#shinybrass", "uv": [ 0.0, 0.0, 12.0, 2.0 ] },
						"west": { "texture": "#shinybrass", "uv": [ 0.0, 0.0, 2.0, 2.0 ] },
						"up": { "texture": "#shinybrass", "uv": [ 0.0, 0.0, 12.0, 2.0 ] },
						"down": { "texture": "#shinybrass", "uv": [ 0.0, 0.0, 12.0, 2.0 ] }
					}
				},
				{
					"name": "BrassCoil22",
					"from": [ 14.0, 1.0, 2.0 ], 
					"to": [ 16.0, 3.0, 12.0 ], 
					"rotationOrigin": [ 14.0, 1.0, 2.0 ],
					"faces": {
						"north": { "texture": "#shinybrass", "uv": [ 0.0, 0.0, 2.0, 2.0 ] },
						"east": { "texture": "#shinybrass", "uv": [ 0.0, 0.0, 10.0, 2.0 ] },
						"south": { "texture": "#shinybrass", "uv": [ 0.0, 0.0, 2.0, 2.0 ] },
						"west": { "texture": "#shinybrass", "uv": [ 0.0, 0.0, 10.0, 2.0 ] },
						"up": { "texture": "#shinybrass", "uv": [ 0.0, 0.0, 2.0, 10.0 ] },
						"down": { "texture": "#shinybrass", "uv": [ 0.0, 0.0, 2.0, 10.0 ] }
					}
				},
				{
					"name": "BrassCoil23",
					"from": [ 14.0, 3.0, 2.0 ], 
					"to": [ 16.0, 16.0, 4.0 ], 
					"rotationOrigin": [ 14.0, 3.0, 2.0 ],
					"faces": {
						"north": { "texture": "#shinybrass", "uv": [ 0.0, 0.0, 2.0, 13.0 ] },
						"east": { "texture": "#shinybrass", "uv": [ 0.0, 0.0, 2.0, 13.0 ] },
						"south": { "texture": "#shinybrass", "uv": [ 0.0, 0.0, 2.0, 13.0 ] },
						"west": { "texture": "#shinybrass", "uv": [ 0.0, 0.0, 2.0, 13.0 ] },
						"up": { "texture": "#shinybrass", "uv": [ 0.0, 0.0, 2.0, 2.0 ] },
						"down": { "texture": "#shinybrass", "uv": [ 0.0, 0.0, 2.0, 2.0 ] }
					}
				},
				{
					"name": "BrassCoil24",
					"from": [ 12.0, 14.0, 2.0 ], 
					"to": [ 14.0, 16.0, 12.0 ], 
					"rotationOrigin": [ 22.0, 14.0, -8.0 ],
					"faces": {
						"north": { "texture": "#shinybrass", "uv": [ 0.0, 0.0, 2.0, 2.0 ] },
						"east": { "texture": "#shinybrass", "uv": [ 0.0, 0.0, 10.0, 2.0 ] },
						"south": { "texture": "#shinybrass", "uv": [ 0.0, 0.0, 2.0, 2.0 ] },
						"west": { "texture": "#shinybrass", "uv": [ 0.0, 0.0, 10.0, 2.0 ] },
						"up": { "texture": "#shinybrass", "uv": [ 0.0, 0.0, 2.0, 10.0 ] },
						"down": { "texture": "#shinybrass", "uv": [ 0.0, 0.0, 2.0, 10.0 ] }
					}
				},
				{
					"name": "BrassCoil25",
					"from": [ 5.0, 14.0, 12.0 ], 
					"to": [ 14.0, 16.0, 14.0 ], 
					"rotationOrigin": [ 15.0, 14.0, 2.0 ],
					"faces": {
						"north": { "texture": "#shinybrass", "uv": [ 0.0, 0.0, 9.0, 2.0 ] },
						"east": { "texture": "#shinybrass", "uv": [ 0.0, 0.0, 2.0, 2.0 ] },
						"south": { "texture": "#shinybrass", "uv": [ 0.0, 0.0, 9.0, 2.0 ] },
						"west": { "texture": "#shinybrass", "uv": [ 0.0, 0.0, 2.0, 2.0 ] },
						"up": { "texture": "#shinybrass", "uv": [ 0.0, 0.0, 9.0, 2.0 ] },
						"down": { "texture": "#shinybrass", "uv": [ 0.0, 0.0, 9.0, 2.0 ] }
					}
				},
				{
					"name": "BrassCoil26",
					"from": [ 5.0, 14.0, 5.0 ], 
					"to": [ 7.0, 16.0, 12.0 ], 
					"rotationOrigin": [ 15.0, 14.0, -5.0 ],
					"faces": {
						"north": { "texture": "#shinybrass", "uv": [ 0.0, 0.0, 2.0, 2.0 ] },
						"east": { "texture": "#shinybrass", "uv": [ 0.0, 0.0, 7.0, 2.0 ] },
						"south": { "texture": "#shinybrass", "uv": [ 0.0, 0.0, 2.0, 2.0 ] },
						"west": { "texture": "#shinybrass", "uv": [ 0.0, 0.0, 7.0, 2.0 ] },
						"up": { "texture": "#shinybrass", "uv": [ 0.0, 0.0, 2.0, 7.0 ] },
						"down": { "texture": "#shinybrass", "uv": [ 0.0, 0.0, 2.0, 7.0 ] }
					}
				},
				{
					"name": "BrassCoil27",
					"from": [ 7.0, 14.0, 5.0 ], 
					"to": [ 11.0, 16.0, 7.0 ], 
					"rotationOrigin": [ 17.0, 14.0, -5.0 ],
					"faces": {
						"north": { "texture": "#shinybrass", "uv": [ 0.0, 0.0, 4.0, 2.0 ] },
						"east": { "texture": "#shinybrass", "uv": [ 0.0, 0.0, 2.0, 2.0 ] },
						"south": { "texture": "#shinybrass", "uv": [ 0.0, 0.0, 4.0, 2.0 ] },
						"west": { "texture": "#shinybrass", "uv": [ 0.0, 0.0, 2.0, 2.0 ] },
						"up": { "texture": "#shinybrass", "uv": [ 0.0, 0.0, 4.0, 2.0 ] },
						"down": { "texture": "#shinybrass", "uv": [ 0.0, 0.0, 4.0, 2.0 ] }
					}
				},
				{
					"name": "BrassCoil28",
					"from": [ 9.0, 14.0, 7.0 ], 
					"to": [ 11.0, 17.0, 9.0 ], 
					"rotationOrigin": [ 19.0, 14.0, -3.0 ],
					"faces": {
						"north": { "texture": "#shinybrass", "uv": [ 0.0, 0.0, 2.0, 3.0 ] },
						"east": { "texture": "#shinybrass", "uv": [ 0.0, 0.0, 2.0, 3.0 ] },
						"south": { "texture": "#shinybrass", "uv": [ 0.0, 0.0, 2.0, 3.0 ] },
						"west": { "texture": "#shinybrass", "uv": [ 0.0, 0.0, 2.0, 3.0 ] },
						"up": { "texture": "#shinybrass", "uv": [ 0.0, 0.0, 2.0, 2.0 ] },
						"down": { "texture": "#shinybrass", "uv": [ 0.0, 0.0, 2.0, 2.0 ] }
					}
				},
				{
					"name": "Backbar28",
					"from": [ 0.0, 12.0, 14.0 ], 
					"to": [ 12.0, 14.0, 15.0 ], 
					"rotationOrigin": [ 0.0, 12.0, 14.0 ],
					"rotationY": 90.0,
					"faces": {
						"north": { "texture": "#machinery", "uv": [ 3.5, 0.0, 15.5, 2.0 ] },
						"east": { "texture": "#machinery", "uv": [ 0.0, 0.0, 1.0, 2.0 ] },
						"south": { "texture": "#machinery", "uv": [ 3.5, 0.5, 15.5, 2.5 ] },
						"west": { "texture": "#machinery", "uv": [ 0.0, 0.0, 1.0, 2.0 ] },
						"up": { "texture": "#machinery", "uv": [ 0.0, 0.0, 12.0, 1.0 ] },
						"down": { "texture": "#machinery", "uv": [ 0.0, 0.0, 12.0, 1.0 ] }
					}
				},
				{
					"name": "Backbar29",
					"from": [ 15.0, 12.0, 14.0 ], 
					"to": [ 25.0, 14.0, 15.0 ], 
					"rotationOrigin": [ 15.0, 12.0, 14.0 ],
					"rotationY": 90.0,
					"faces": {
						"north": { "texture": "#machinery", "uv": [ 3.5, 0.0, 13.5, 2.0 ] },
						"east": { "texture": "#machinery", "uv": [ 0.0, 0.0, 1.0, 2.0 ] },
						"south": { "texture": "#machinery", "uv": [ 3.5, 0.5, 13.5, 2.5 ] },
						"west": { "texture": "#machinery", "uv": [ 0.0, 0.0, 1.0, 2.0 ] },
						"up": { "texture": "#machinery", "uv": [ 0.0, 0.0, 10.0, 1.0 ] },
						"down": { "texture": "#machinery", "uv": [ 0.0, 0.0, 10.0, 1.0 ] }
					}
				},
				{
					"name": "Backbar30",
					"from": [ 2.0, 12.0, 15.0 ], 
					"to": [ 14.0, 14.0, 16.0 ], 
					"rotationOrigin": [ 2.0, 12.0, 15.0 ],
					"faces": {
						"north": { "texture": "#machinery", "uv": [ 3.5, 0.0, 15.5, 2.0 ] },
						"east": { "texture": "#machinery", "uv": [ 0.0, 0.0, 1.0, 2.0 ] },
						"south": { "texture": "#machinery", "uv": [ 3.5, 0.5, 15.5, 2.5 ] },
						"west": { "texture": "#machinery", "uv": [ 0.0, 0.0, 1.0, 2.0 ] },
						"up": { "texture": "#machinery", "uv": [ 0.0, 0.0, 12.0, 1.0 ] },
						"down": { "texture": "#machinery", "uv": [ 0.0, 0.0, 12.0, 1.0 ] }
					}
				}
			]
		}
	],
	"animations": [
		{
			"name": "run",
			"code": "run",
			"quantityframes": 10,
			"onActivityStopped": "Rewind",
			"onAnimationEnd": "Repeat",
			"keyframes": [
				{
					"frame": 0,
					"elements": {
						"BasePlate": {  },
						"Turbine": { "offsetX": 0.0, "offsetY": 0.0, "offsetZ": 0.0 },
						"Rotor": { "rotationX": -180.0, "rotationY": 0.0, "rotationZ": 0.0 }
					}
				},
				{
					"frame": 1,
					"elements": {
						"BasePlate": {  },
						"Turbine": { "offsetX": 0.25, "offsetY": 0.0, "offsetZ": 0.0 }
					}
				},
				{
					"frame": 3,
					"elements": {
						"BasePlate": {  },
						"Turbine": { "offsetX": 0.0, "offsetY": 0.0, "offsetZ": 0.0 }
					}
				},
				{
					"frame": 4,
					"elements": {
						"BasePlate": {  },
						"Turbine": { "offsetX": -0.25, "offsetY": 0.0, "offsetZ": 0.0 }
					}
				},
				{
					"frame": 5,
					"elements": {
						"BasePlate": {  },
						"Turbine": { "offsetX": 0.0, "offsetY": 0.0, "offsetZ": 0.0 }
					}
				},
				{
					"frame": 6,
					"elements": {
						"BasePlate": {  },
						"Turbine": { "offsetX": 0.0, "offsetY": 0.25, "offsetZ": 0.0 }
					}
				},
				{
					"frame": 7,
					"elements": {
						"BasePlate": {  },
						"Turbine": { "offsetX": 0.0, "offsetY": 0.0, "offsetZ": 0.0 }
					}
				},
				{
					"frame": 9,
					"elements": {
						"BasePlate": {  },
						"Turbine": {  },
						"Rotor": { "rotationX": 180.0, "rotationY": 0.0, "rotationZ": 0.0 }
					}
				}
			]
		}
	]
}