{
	"editor": {
		"allAngles": false,
		"entityTextureMode": false
	},
	"textureWidth": 16,
	"textureHeight": 16,
	"textureSizes": {
	},
	"textures": {
		"bricks": "C:/Users/andy-/AppData/Roaming/Vintagestory/assets/survival/textures/block/stone/brick/granite1",
		"log": "C:/Users/andy-/AppData/Roaming/Vintagestory/assets/survival/textures/block/wood/firepit/log",
		"shingles": "C:/Users/andy-/AppData/Roaming/Vintagestory/assets/survival/textures/block/clay/shingles/red"
	},
	"elements": [
		{
			"name": "Master",
			"from": [ 8.0, 8.0, 8.0 ], 
			"to": [ 8.0, 8.0, 8.0 ], 
			"rotationOrigin": [ 8.0, 8.0, 8.0 ],
			"rotationY": -90.0,
			"faces": {
				"north": { "texture": "#bricks", "uv": [ 0.0, 0.0, 0.5, 0.5 ], "enabled": false },
				"east": { "texture": "#bricks", "uv": [ 0.0, 0.0, 0.5, 0.5 ], "enabled": false },
				"south": { "texture": "#bricks", "uv": [ 0.0, 0.0, 0.5, 0.5 ], "enabled": false },
				"west": { "texture": "#bricks", "uv": [ 0.0, 0.0, 0.5, 0.5 ], "enabled": false },
				"up": { "texture": "#bricks", "uv": [ 0.0, 0.0, 0.5, 0.5 ], "enabled": false },
				"down": { "texture": "#bricks", "uv": [ 0.0, 0.0, 0.5, 0.5 ], "enabled": false }
			},
			"children": [
				{
					"name": "Roof South",
					"from": [ -8.0, -8.0, -5.0 ], 
					"to": [ -8.0, -8.0, -5.0 ], 
					"renderInEditor": false,
					"rotationOrigin": [ -8.0, -8.0, -5.0 ],
					"faces": {
						"north": { "texture": "#log", "uv": [ 0.0, 0.0, 0.5, 0.5 ], "enabled": false },
						"east": { "texture": "#log", "uv": [ 0.0, 0.0, 0.5, 0.5 ], "enabled": false },
						"south": { "texture": "#log", "uv": [ 0.0, 0.0, 0.5, 0.5 ], "enabled": false },
						"west": { "texture": "#log", "uv": [ 0.0, 0.0, 0.5, 0.5 ], "enabled": false },
						"up": { "texture": "#log", "uv": [ 0.0, 0.0, 0.5, 0.5 ], "enabled": false },
						"down": { "texture": "#log", "uv": [ 0.0, 0.0, 0.5, 0.5 ], "enabled": false }
					},
					"children": [
						{
							"name": "Roof5",
							"from": [ 0.0, 6.0, 6.0 ], 
							"to": [ 16.0, 7.5, 7.0 ], 
							"rotationOrigin": [ 0.0, 6.0, 6.0 ],
							"rotationX": -45.0,
							"faces": {
								"north": { "texture": "#shingles", "uv": [ 0.0, 0.0, 16.0, 1.5 ], "enabled": false },
								"east": { "texture": "#shingles", "uv": [ 0.0, 0.0, 1.0, 1.5 ] },
								"south": { "texture": "#shingles", "uv": [ 0.0, 0.0, 16.0, 1.5 ], "autoUv": false },
								"west": { "texture": "#shingles", "uv": [ 0.0, 0.0, 1.0, 1.5 ] },
								"up": { "texture": "#shingles", "uv": [ 0.0, 1.0, 0.5, 0.5 ], "autoUv": false },
								"down": { "texture": "#shingles", "uv": [ 0.0, 0.5, 0.5, 1.0 ], "enabled": false, "autoUv": false }
							},
							"children": [
								{
									"name": "Cube28",
									"from": [ 0.0, -2.0, 1.0 ], 
									"to": [ 7.0, -1.0, 1.5 ], 
									"rotationOrigin": [ 0.0, -1.0, 0.0 ],
									"rotationX": -45.0,
									"faces": {
										"north": { "texture": "#shingles", "uv": [ 0.0, 0.0, 7.5, 1.0 ], "autoUv": false },
										"east": { "texture": "#shingles", "uv": [ 0.0, 0.0, 0.5, 1.0 ] },
										"south": { "texture": "#shingles", "uv": [ 0.0, 2.5, 7.0, 3.5 ], "autoUv": false },
										"west": { "texture": "#shingles", "uv": [ 0.0, 0.0, 0.5, 1.0 ] },
										"up": { "texture": "#shingles", "uv": [ 0.0, 0.0, 8.0, 0.5 ], "autoUv": false },
										"down": { "texture": "#shingles", "uv": [ 11.0, 3.0, 11.5, 3.5 ], "autoUv": false }
									}
								},
								{
									"name": "Cube30",
									"from": [ 7.0, -2.0, 1.0 ], 
									"to": [ 10.0, -1.0, 1.5 ], 
									"rotationOrigin": [ 7.0, -1.0, 0.0 ],
									"rotationX": -45.0,
									"faces": {
										"north": { "texture": "#shingles", "uv": [ 0.0, 0.0, 3.0, 1.0 ] },
										"east": { "texture": "#shingles", "uv": [ 0.0, 0.0, 0.5, 1.0 ] },
										"south": { "texture": "#shingles", "uv": [ 7.0, 3.5, 10.0, 4.5 ], "autoUv": false },
										"west": { "texture": "#shingles", "uv": [ 0.0, 0.0, 0.5, 1.0 ] },
										"up": { "texture": "#shingles", "uv": [ 0.0, 0.0, 3.0, 0.5 ] },
										"down": { "texture": "#shingles", "uv": [ 11.0, 3.0, 11.5, 3.5 ], "autoUv": false }
									}
								},
								{
									"name": "Cube31",
									"from": [ 10.0, -2.0, 1.0 ], 
									"to": [ 16.0, -1.0, 1.5 ], 
									"rotationOrigin": [ 10.0, -1.0, 0.0 ],
									"rotationX": -45.0,
									"faces": {
										"north": { "texture": "#shingles", "uv": [ 0.0, 0.0, 6.0, 1.0 ] },
										"east": { "texture": "#shingles", "uv": [ 0.0, 0.0, 0.5, 1.0 ] },
										"south": { "texture": "#shingles", "uv": [ 10.0, 2.5, 16.0, 3.5 ], "autoUv": false },
										"west": { "texture": "#shingles", "uv": [ 0.0, 0.0, 0.5, 1.0 ] },
										"up": { "texture": "#shingles", "uv": [ 0.0, 0.0, 6.0, 0.5 ] },
										"down": { "texture": "#shingles", "uv": [ 11.0, 3.0, 11.5, 3.5 ], "autoUv": false }
									}
								}
							]
						},
						{
							"name": "Roof6",
							"from": [ 0.0, 4.0, 8.0 ], 
							"to": [ 16.0, 6.0, 9.0 ], 
							"rotationOrigin": [ 0.0, 4.0, 8.0 ],
							"rotationX": -45.0,
							"faces": {
								"north": { "texture": "#shingles", "uv": [ 0.0, 0.0, 16.0, 2.0 ], "enabled": false },
								"east": { "texture": "#shingles", "uv": [ 0.0, 0.0, 1.0, 2.0 ] },
								"south": { "texture": "#shingles", "uv": [ 0.0, 0.0, 16.0, 2.0 ] },
								"west": { "texture": "#shingles", "uv": [ 0.0, 0.0, 1.0, 2.0 ] },
								"up": { "texture": "#shingles", "uv": [ 0.0, 0.0, 16.0, 1.0 ], "enabled": false },
								"down": { "texture": "#shingles", "uv": [ 0.0, 0.0, 16.0, 1.0 ], "enabled": false }
							},
							"children": [
								{
									"name": "Cube34",
									"from": [ 0.0, -2.0, 1.0 ], 
									"to": [ 7.0, -1.0, 1.5 ], 
									"rotationOrigin": [ 0.0, -1.0, 0.0 ],
									"rotationX": -45.0,
									"faces": {
										"north": { "texture": "#shingles", "uv": [ 0.0, 0.0, 7.0, 1.0 ] },
										"east": { "texture": "#shingles", "uv": [ 0.0, 0.0, 0.5, 1.0 ] },
										"south": { "texture": "#shingles", "uv": [ 0.0, 2.5, 7.0, 3.5 ] },
										"west": { "texture": "#shingles", "uv": [ 0.0, 0.0, 0.5, 1.0 ] },
										"up": { "texture": "#shingles", "uv": [ 0.0, 0.0, 7.0, 0.5 ] },
										"down": { "texture": "#shingles", "uv": [ 11.0, 3.0, 11.5, 3.5 ], "autoUv": false }
									}
								},
								{
									"name": "Cube36",
									"from": [ 7.0, -2.0, 1.0 ], 
									"to": [ 10.0, -1.0, 1.5 ], 
									"rotationOrigin": [ 7.0, -1.0, 0.0 ],
									"rotationX": -45.0,
									"faces": {
										"north": { "texture": "#shingles", "uv": [ 0.0, 0.0, 3.0, 1.0 ] },
										"east": { "texture": "#shingles", "uv": [ 0.0, 0.0, 0.5, 1.0 ] },
										"south": { "texture": "#shingles", "uv": [ 7.0, 3.5, 10.0, 4.5 ], "autoUv": false },
										"west": { "texture": "#shingles", "uv": [ 0.0, 0.0, 0.5, 1.0 ] },
										"up": { "texture": "#shingles", "uv": [ 0.0, 0.0, 3.0, 0.5 ] },
										"down": { "texture": "#shingles", "uv": [ 11.0, 3.0, 11.5, 3.5 ], "autoUv": false }
									}
								},
								{
									"name": "Cube37",
									"from": [ 10.0, -2.0, 1.0 ], 
									"to": [ 16.0, -1.0, 1.5 ], 
									"rotationOrigin": [ 10.0, -1.0, 0.0 ],
									"rotationX": -45.0,
									"faces": {
										"north": { "texture": "#shingles", "uv": [ 0.0, 0.0, 6.0, 1.0 ] },
										"east": { "texture": "#shingles", "uv": [ 0.0, 0.0, 0.5, 1.0 ] },
										"south": { "texture": "#shingles", "uv": [ 10.0, 2.5, 16.0, 3.5 ], "autoUv": false },
										"west": { "texture": "#shingles", "uv": [ 0.0, 0.0, 0.5, 1.0 ] },
										"up": { "texture": "#shingles", "uv": [ 0.0, 0.0, 6.0, 0.5 ] },
										"down": { "texture": "#shingles", "uv": [ 11.0, 3.0, 11.5, 3.5 ], "autoUv": false }
									}
								}
							]
						},
						{
							"name": "Roof7",
							"from": [ 0.0, 2.0, 10.0 ], 
							"to": [ 16.0, 4.0, 11.0 ], 
							"rotationOrigin": [ 0.0, 2.0, 10.0 ],
							"rotationX": -45.0,
							"faces": {
								"north": { "texture": "#shingles", "uv": [ 0.0, 0.0, 16.0, 2.0 ], "enabled": false },
								"east": { "texture": "#shingles", "uv": [ 0.0, 0.0, 1.0, 2.0 ] },
								"south": { "texture": "#shingles", "uv": [ 0.0, 0.0, 16.0, 2.0 ] },
								"west": { "texture": "#shingles", "uv": [ 0.0, 0.0, 1.0, 2.0 ] },
								"up": { "texture": "#shingles", "uv": [ 0.0, 0.0, 16.0, 1.0 ], "enabled": false },
								"down": { "texture": "#shingles", "uv": [ 0.0, 0.0, 16.0, 1.0 ], "enabled": false }
							},
							"children": [
								{
									"name": "Cube44",
									"from": [ 0.0, -2.0, 1.0 ], 
									"to": [ 7.0, -1.0, 1.5 ], 
									"rotationOrigin": [ 0.0, -1.0, 0.0 ],
									"rotationX": -45.0,
									"faces": {
										"north": { "texture": "#shingles", "uv": [ 0.0, 0.0, 7.0, 1.0 ] },
										"east": { "texture": "#shingles", "uv": [ 0.0, 0.0, 0.5, 1.0 ] },
										"south": { "texture": "#shingles", "uv": [ 0.0, 2.5, 7.0, 3.5 ], "autoUv": false },
										"west": { "texture": "#shingles", "uv": [ 0.0, 0.0, 0.5, 1.0 ] },
										"up": { "texture": "#shingles", "uv": [ 0.0, 0.0, 7.0, 0.5 ] },
										"down": { "texture": "#shingles", "uv": [ 11.0, 3.0, 11.5, 3.5 ], "autoUv": false }
									}
								},
								{
									"name": "Cube44",
									"from": [ 7.0, -2.0, 1.0 ], 
									"to": [ 10.0, -1.0, 1.5 ], 
									"rotationOrigin": [ 7.0, -1.0, 0.0 ],
									"rotationX": -45.0,
									"faces": {
										"north": { "texture": "#shingles", "uv": [ 0.0, 0.0, 3.0, 1.0 ] },
										"east": { "texture": "#shingles", "uv": [ 0.0, 0.0, 0.5, 1.0 ] },
										"south": { "texture": "#shingles", "uv": [ 7.0, 3.5, 10.0, 4.5 ], "autoUv": false },
										"west": { "texture": "#shingles", "uv": [ 0.0, 0.0, 0.5, 1.0 ] },
										"up": { "texture": "#shingles", "uv": [ 0.0, 0.0, 3.0, 0.5 ] },
										"down": { "texture": "#shingles", "uv": [ 11.0, 3.0, 11.5, 3.5 ], "autoUv": false }
									}
								},
								{
									"name": "Cube44",
									"from": [ 10.0, -2.0, 1.0 ], 
									"to": [ 16.0, -1.0, 1.5 ], 
									"rotationOrigin": [ 10.0, -1.0, 0.0 ],
									"rotationX": -45.0,
									"faces": {
										"north": { "texture": "#shingles", "uv": [ 0.0, 0.0, 6.0, 1.0 ] },
										"east": { "texture": "#shingles", "uv": [ 0.0, 0.0, 0.5, 1.0 ] },
										"south": { "texture": "#shingles", "uv": [ 10.0, 2.5, 16.0, 3.5 ], "autoUv": false },
										"west": { "texture": "#shingles", "uv": [ 0.0, 0.0, 0.5, 1.0 ] },
										"up": { "texture": "#shingles", "uv": [ 0.0, 0.0, 6.0, 0.5 ] },
										"down": { "texture": "#shingles", "uv": [ 11.0, 3.0, 11.5, 3.5 ], "autoUv": false }
									}
								}
							]
						},
						{
							"name": "Roof8",
							"from": [ 0.0, 0.0, 12.0 ], 
							"to": [ 16.0, 2.0, 13.0 ], 
							"rotationOrigin": [ 0.0, 0.0, 12.0 ],
							"rotationX": -45.0,
							"faces": {
								"north": { "texture": "#shingles", "uv": [ 0.0, 0.0, 16.0, 2.0 ], "enabled": false },
								"east": { "texture": "#shingles", "uv": [ 0.0, 0.0, 1.0, 2.0 ] },
								"south": { "texture": "#shingles", "uv": [ 0.0, 0.0, 16.0, 2.0 ] },
								"west": { "texture": "#shingles", "uv": [ 0.0, 0.0, 1.0, 2.0 ] },
								"up": { "texture": "#shingles", "uv": [ 0.0, 0.0, 16.0, 1.0 ], "enabled": false },
								"down": { "texture": "#shingles", "uv": [ 0.0, 0.0, 16.0, 1.0 ] }
							},
							"children": [
								{
									"name": "Cube46",
									"from": [ 0.0, -2.0, 1.0 ], 
									"to": [ 7.0, -1.0, 1.5 ], 
									"rotationOrigin": [ 0.0, -1.0, 0.0 ],
									"rotationX": -45.0,
									"faces": {
										"north": { "texture": "#shingles", "uv": [ 0.0, 0.0, 7.0, 1.0 ] },
										"east": { "texture": "#shingles", "uv": [ 0.0, 0.0, 0.5, 1.0 ] },
										"south": { "texture": "#shingles", "uv": [ 0.0, 2.5, 7.0, 3.5 ] },
										"west": { "texture": "#shingles", "uv": [ 0.0, 0.0, 0.5, 1.0 ] },
										"up": { "texture": "#shingles", "uv": [ 0.0, 0.0, 7.0, 0.5 ] },
										"down": { "texture": "#shingles", "uv": [ 11.0, 3.0, 11.5, 3.5 ], "autoUv": false }
									}
								},
								{
									"name": "Cube48",
									"from": [ 7.0, -2.0, 1.0 ], 
									"to": [ 10.0, -1.0, 1.5 ], 
									"rotationOrigin": [ 7.0, -1.0, 0.0 ],
									"rotationX": -45.0,
									"faces": {
										"north": { "texture": "#shingles", "uv": [ 0.0, 0.0, 3.0, 1.0 ] },
										"east": { "texture": "#shingles", "uv": [ 0.0, 0.0, 0.5, 1.0 ] },
										"south": { "texture": "#shingles", "uv": [ 7.0, 3.5, 10.0, 4.5 ], "autoUv": false },
										"west": { "texture": "#shingles", "uv": [ 0.0, 0.0, 0.5, 1.0 ] },
										"up": { "texture": "#shingles", "uv": [ 0.0, 0.0, 3.0, 0.5 ] },
										"down": { "texture": "#shingles", "uv": [ 11.0, 3.0, 11.5, 3.5 ], "autoUv": false }
									}
								},
								{
									"name": "Cube49",
									"from": [ 10.0, -2.0, 1.0 ], 
									"to": [ 16.0, -1.0, 1.5 ], 
									"rotationOrigin": [ 10.0, -1.0, 0.0 ],
									"rotationX": -45.0,
									"faces": {
										"north": { "texture": "#shingles", "uv": [ 0.0, 0.0, 6.0, 1.0 ] },
										"east": { "texture": "#shingles", "uv": [ 0.0, 0.0, 0.5, 1.0 ] },
										"south": { "texture": "#shingles", "uv": [ 10.0, 2.5, 16.0, 3.5 ], "autoUv": false },
										"west": { "texture": "#shingles", "uv": [ 0.0, 0.0, 0.5, 1.0 ] },
										"up": { "texture": "#shingles", "uv": [ 0.0, 0.0, 6.0, 0.5 ] },
										"down": { "texture": "#shingles", "uv": [ 11.0, 3.0, 11.5, 3.5 ], "autoUv": false }
									}
								}
							]
						}
					]
				},
				{
					"name": "Roof North",
					"from": [ 8.0, -8.0, 5.0 ], 
					"to": [ 8.0, -8.0, 5.0 ], 
					"renderInEditor": false,
					"rotationOrigin": [ 8.0, -8.0, 5.0 ],
					"rotationX": -179.99999011687993,
					"rotationY": 5.008955855952477E-6,
					"rotationZ": -179.99999011687993,
					"faces": {
						"north": { "texture": "#log", "uv": [ 0.0, 0.0, 0.5, 0.5 ], "enabled": false },
						"east": { "texture": "#log", "uv": [ 0.0, 0.0, 0.5, 0.5 ], "enabled": false },
						"south": { "texture": "#log", "uv": [ 0.0, 0.0, 0.5, 0.5 ], "enabled": false },
						"west": { "texture": "#log", "uv": [ 0.0, 0.0, 0.5, 0.5 ], "enabled": false },
						"up": { "texture": "#log", "uv": [ 0.0, 0.0, 0.5, 0.5 ], "enabled": false },
						"down": { "texture": "#log", "uv": [ 0.0, 0.0, 0.5, 0.5 ], "enabled": false }
					},
					"children": [
						{
							"name": "Roof28",
							"from": [ 0.0, 6.0, 6.0 ], 
							"to": [ 16.0, 7.5, 7.0 ], 
							"rotationOrigin": [ 0.0, 6.0, 6.0 ],
							"rotationX": -45.0,
							"faces": {
								"north": { "texture": "#shingles", "uv": [ 0.0, 0.0, 16.0, 1.5 ], "enabled": false },
								"east": { "texture": "#shingles", "uv": [ 0.0, 0.0, 1.0, 1.5 ] },
								"south": { "texture": "#shingles", "uv": [ 0.0, 0.0, 16.0, 1.5 ] },
								"west": { "texture": "#shingles", "uv": [ 0.0, 0.0, 1.0, 1.5 ] },
								"up": { "texture": "#shingles", "uv": [ 0.0, 0.5, 0.5, 1.0 ], "autoUv": false },
								"down": { "texture": "#shingles", "uv": [ 0.0, 0.5, 0.5, 1.0 ], "enabled": false, "autoUv": false }
							},
							"children": [
								{
									"name": "Cube29",
									"from": [ 0.0, -2.0, 1.0 ], 
									"to": [ 7.0, -1.0, 1.5 ], 
									"rotationOrigin": [ 0.0, -1.0, 0.0 ],
									"rotationX": -45.0,
									"faces": {
										"north": { "texture": "#shingles", "uv": [ 0.0, 0.0, 7.0, 1.0 ] },
										"east": { "texture": "#shingles", "uv": [ 0.0, 0.0, 0.5, 1.0 ] },
										"south": { "texture": "#shingles", "uv": [ 0.0, 2.5, 7.0, 3.5 ] },
										"west": { "texture": "#shingles", "uv": [ 0.0, 0.0, 0.5, 1.0 ] },
										"up": { "texture": "#shingles", "uv": [ 0.0, 0.0, 7.0, 0.5 ] },
										"down": { "texture": "#shingles", "uv": [ 11.0, 3.0, 11.5, 3.5 ], "autoUv": false }
									}
								},
								{
									"name": "Cube32",
									"from": [ 7.0, -2.0, 1.0 ], 
									"to": [ 10.0, -1.0, 1.5 ], 
									"rotationOrigin": [ 7.0, -1.0, 0.0 ],
									"rotationX": -45.0,
									"faces": {
										"north": { "texture": "#shingles", "uv": [ 0.0, 0.0, 3.0, 1.0 ] },
										"east": { "texture": "#shingles", "uv": [ 0.0, 0.0, 0.5, 1.0 ] },
										"south": { "texture": "#shingles", "uv": [ 7.0, 3.5, 10.0, 4.5 ], "autoUv": false },
										"west": { "texture": "#shingles", "uv": [ 0.0, 0.0, 0.5, 1.0 ] },
										"up": { "texture": "#shingles", "uv": [ 0.0, 0.0, 3.0, 0.5 ] },
										"down": { "texture": "#shingles", "uv": [ 11.0, 3.0, 11.5, 3.5 ], "autoUv": false }
									}
								},
								{
									"name": "Cube32",
									"from": [ 10.0, -2.0, 1.0 ], 
									"to": [ 16.0, -1.0, 1.5 ], 
									"rotationOrigin": [ 10.0, -1.0, 0.0 ],
									"rotationX": -45.0,
									"faces": {
										"north": { "texture": "#shingles", "uv": [ 0.0, 0.0, 6.0, 1.0 ] },
										"east": { "texture": "#shingles", "uv": [ 0.0, 0.0, 0.5, 1.0 ] },
										"south": { "texture": "#shingles", "uv": [ 10.0, 2.5, 16.0, 3.5 ], "autoUv": false },
										"west": { "texture": "#shingles", "uv": [ 0.0, 0.0, 0.5, 1.0 ] },
										"up": { "texture": "#shingles", "uv": [ 0.0, 0.0, 6.0, 0.5 ] },
										"down": { "texture": "#shingles", "uv": [ 11.0, 3.0, 11.5, 3.5 ], "autoUv": false }
									}
								}
							]
						},
						{
							"name": "Roof32",
							"from": [ 0.0, 4.0, 8.0 ], 
							"to": [ 16.0, 6.0, 9.0 ], 
							"rotationOrigin": [ 0.0, 4.0, 8.0 ],
							"rotationX": -45.0,
							"faces": {
								"north": { "texture": "#shingles", "uv": [ 0.0, 0.0, 16.0, 2.0 ], "enabled": false },
								"east": { "texture": "#shingles", "uv": [ 0.0, 0.0, 1.0, 2.0 ] },
								"south": { "texture": "#shingles", "uv": [ 0.0, 0.0, 16.0, 2.0 ] },
								"west": { "texture": "#shingles", "uv": [ 0.0, 0.0, 1.0, 2.0 ] },
								"up": { "texture": "#shingles", "uv": [ 0.0, 0.0, 16.0, 1.0 ], "enabled": false },
								"down": { "texture": "#shingles", "uv": [ 0.0, 0.0, 16.0, 1.0 ], "enabled": false }
							},
							"children": [
								{
									"name": "Cube33",
									"from": [ 0.0, -2.0, 1.0 ], 
									"to": [ 7.0, -1.0, 1.5 ], 
									"rotationOrigin": [ 0.0, -1.0, 0.0 ],
									"rotationX": -45.0,
									"faces": {
										"north": { "texture": "#shingles", "uv": [ 0.0, 0.0, 7.0, 1.0 ] },
										"east": { "texture": "#shingles", "uv": [ 0.0, 0.0, 0.5, 1.0 ] },
										"south": { "texture": "#shingles", "uv": [ 0.0, 2.5, 7.0, 3.5 ] },
										"west": { "texture": "#shingles", "uv": [ 0.0, 0.0, 0.5, 1.0 ] },
										"up": { "texture": "#shingles", "uv": [ 0.0, 0.0, 7.0, 0.5 ] },
										"down": { "texture": "#shingles", "uv": [ 11.0, 3.0, 11.5, 3.5 ], "autoUv": false }
									}
								},
								{
									"name": "Cube35",
									"from": [ 7.0, -2.0, 1.0 ], 
									"to": [ 10.0, -1.0, 1.5 ], 
									"rotationOrigin": [ 7.0, -1.0, 0.0 ],
									"rotationX": -45.0,
									"faces": {
										"north": { "texture": "#shingles", "uv": [ 0.0, 0.0, 3.0, 1.0 ] },
										"east": { "texture": "#shingles", "uv": [ 0.0, 0.0, 0.5, 1.0 ] },
										"south": { "texture": "#shingles", "uv": [ 7.0, 3.5, 10.0, 4.5 ], "autoUv": false },
										"west": { "texture": "#shingles", "uv": [ 0.0, 0.0, 0.5, 1.0 ] },
										"up": { "texture": "#shingles", "uv": [ 0.0, 0.0, 3.0, 0.5 ] },
										"down": { "texture": "#shingles", "uv": [ 11.0, 3.0, 11.5, 3.5 ], "autoUv": false }
									}
								},
								{
									"name": "Cube35",
									"from": [ 10.0, -2.0, 1.0 ], 
									"to": [ 16.0, -1.0, 1.5 ], 
									"rotationOrigin": [ 10.0, -1.0, 0.0 ],
									"rotationX": -45.0,
									"faces": {
										"north": { "texture": "#shingles", "uv": [ 0.0, 0.0, 6.0, 1.0 ] },
										"east": { "texture": "#shingles", "uv": [ 0.0, 0.0, 0.5, 1.0 ] },
										"south": { "texture": "#shingles", "uv": [ 10.0, 2.5, 16.0, 3.5 ], "autoUv": false },
										"west": { "texture": "#shingles", "uv": [ 0.0, 0.0, 0.5, 1.0 ] },
										"up": { "texture": "#shingles", "uv": [ 0.0, 0.0, 6.0, 0.5 ] },
										"down": { "texture": "#shingles", "uv": [ 11.0, 3.0, 11.5, 3.5 ], "autoUv": false }
									}
								}
							]
						},
						{
							"name": "Roof36",
							"from": [ 0.0, 2.0, 10.0 ], 
							"to": [ 16.0, 4.0, 11.0 ], 
							"rotationOrigin": [ 0.0, 2.0, 10.0 ],
							"rotationX": -45.0,
							"faces": {
								"north": { "texture": "#shingles", "uv": [ 0.0, 0.0, 16.0, 2.0 ], "enabled": false },
								"east": { "texture": "#shingles", "uv": [ 0.0, 0.0, 1.0, 2.0 ] },
								"south": { "texture": "#shingles", "uv": [ 0.0, 0.0, 16.0, 2.0 ] },
								"west": { "texture": "#shingles", "uv": [ 0.0, 0.0, 1.0, 2.0 ] },
								"up": { "texture": "#shingles", "uv": [ 0.0, 0.0, 16.0, 1.0 ], "enabled": false },
								"down": { "texture": "#shingles", "uv": [ 0.0, 0.0, 16.0, 1.0 ], "enabled": false }
							},
							"children": [
								{
									"name": "Cube38",
									"from": [ 0.0, -2.0, 1.0 ], 
									"to": [ 7.0, -1.0, 1.5 ], 
									"rotationOrigin": [ 0.0, -1.0, 0.0 ],
									"rotationX": -45.0,
									"faces": {
										"north": { "texture": "#shingles", "uv": [ 0.0, 0.0, 7.0, 1.0 ] },
										"east": { "texture": "#shingles", "uv": [ 0.0, 0.0, 0.5, 1.0 ] },
										"south": { "texture": "#shingles", "uv": [ 0.0, 2.5, 7.0, 3.5 ], "autoUv": false },
										"west": { "texture": "#shingles", "uv": [ 0.0, 0.0, 0.5, 1.0 ] },
										"up": { "texture": "#shingles", "uv": [ 0.0, 0.0, 7.0, 0.5 ] },
										"down": { "texture": "#shingles", "uv": [ 11.0, 3.0, 11.5, 3.5 ], "autoUv": false }
									}
								},
								{
									"name": "Cube38",
									"from": [ 7.0, -2.0, 1.0 ], 
									"to": [ 10.0, -1.0, 1.5 ], 
									"rotationOrigin": [ 7.0, -1.0, 0.0 ],
									"rotationX": -45.0,
									"faces": {
										"north": { "texture": "#shingles", "uv": [ 0.0, 0.0, 3.0, 1.0 ] },
										"east": { "texture": "#shingles", "uv": [ 0.0, 0.0, 0.5, 1.0 ] },
										"south": { "texture": "#shingles", "uv": [ 7.0, 3.5, 10.0, 4.5 ], "autoUv": false },
										"west": { "texture": "#shingles", "uv": [ 0.0, 0.0, 0.5, 1.0 ] },
										"up": { "texture": "#shingles", "uv": [ 0.0, 0.0, 3.0, 0.5 ] },
										"down": { "texture": "#shingles", "uv": [ 11.0, 3.0, 11.5, 3.5 ], "autoUv": false }
									}
								},
								{
									"name": "Cube39",
									"from": [ 10.0, -2.0, 1.0 ], 
									"to": [ 16.0, -1.0, 1.5 ], 
									"rotationOrigin": [ 10.0, -1.0, 0.0 ],
									"rotationX": -45.0,
									"faces": {
										"north": { "texture": "#shingles", "uv": [ 0.0, 0.0, 6.0, 1.0 ] },
										"east": { "texture": "#shingles", "uv": [ 0.0, 0.0, 0.5, 1.0 ] },
										"south": { "texture": "#shingles", "uv": [ 10.0, 2.5, 16.0, 3.5 ], "autoUv": false },
										"west": { "texture": "#shingles", "uv": [ 0.0, 0.0, 0.5, 1.0 ] },
										"up": { "texture": "#shingles", "uv": [ 0.0, 0.0, 6.0, 0.5 ] },
										"down": { "texture": "#shingles", "uv": [ 11.0, 3.0, 11.5, 3.5 ], "autoUv": false }
									}
								}
							]
						},
						{
							"name": "Roof40",
							"from": [ 0.0, 0.0, 12.0 ], 
							"to": [ 16.0, 2.0, 13.0 ], 
							"rotationOrigin": [ 0.0, 0.0, 12.0 ],
							"rotationX": -45.0,
							"faces": {
								"north": { "texture": "#shingles", "uv": [ 0.0, 0.0, 16.0, 2.0 ], "enabled": false },
								"east": { "texture": "#shingles", "uv": [ 0.0, 0.0, 1.0, 2.0 ] },
								"south": { "texture": "#shingles", "uv": [ 0.0, 0.0, 16.0, 2.0 ] },
								"west": { "texture": "#shingles", "uv": [ 0.0, 0.0, 1.0, 2.0 ] },
								"up": { "texture": "#shingles", "uv": [ 0.0, 0.0, 16.0, 1.0 ], "enabled": false },
								"down": { "texture": "#shingles", "uv": [ 0.0, 0.0, 16.0, 1.0 ] }
							},
							"children": [
								{
									"name": "Cube41",
									"from": [ 0.0, -2.0, 1.0 ], 
									"to": [ 7.0, -1.0, 1.5 ], 
									"rotationOrigin": [ 0.0, -1.0, 0.0 ],
									"rotationX": -45.0,
									"faces": {
										"north": { "texture": "#shingles", "uv": [ 0.0, 0.0, 7.0, 1.0 ] },
										"east": { "texture": "#shingles", "uv": [ 0.0, 0.0, 0.5, 1.0 ] },
										"south": { "texture": "#shingles", "uv": [ 0.0, 2.5, 7.0, 3.5 ] },
										"west": { "texture": "#shingles", "uv": [ 0.0, 0.0, 0.5, 1.0 ] },
										"up": { "texture": "#shingles", "uv": [ 0.0, 0.0, 7.0, 0.5 ] },
										"down": { "texture": "#shingles", "uv": [ 11.0, 3.0, 11.5, 3.5 ], "autoUv": false }
									}
								},
								{
									"name": "Cube42",
									"from": [ 7.0, -2.0, 1.0 ], 
									"to": [ 10.0, -1.0, 1.5 ], 
									"rotationOrigin": [ 7.0, -1.0, 0.0 ],
									"rotationX": -45.0,
									"faces": {
										"north": { "texture": "#shingles", "uv": [ 0.0, 0.0, 3.0, 1.0 ] },
										"east": { "texture": "#shingles", "uv": [ 0.0, 0.0, 0.5, 1.0 ] },
										"south": { "texture": "#shingles", "uv": [ 7.0, 3.5, 10.0, 4.5 ], "autoUv": false },
										"west": { "texture": "#shingles", "uv": [ 0.0, 0.0, 0.5, 1.0 ] },
										"up": { "texture": "#shingles", "uv": [ 0.0, 0.0, 3.0, 0.5 ] },
										"down": { "texture": "#shingles", "uv": [ 11.0, 3.0, 11.5, 3.5 ], "autoUv": false }
									}
								},
								{
									"name": "Cube43",
									"from": [ 10.0, -2.0, 1.0 ], 
									"to": [ 16.0, -1.0, 1.5 ], 
									"rotationOrigin": [ 10.0, -1.0, 0.0 ],
									"rotationX": -45.0,
									"faces": {
										"north": { "texture": "#shingles", "uv": [ 0.0, 0.0, 6.0, 1.0 ] },
										"east": { "texture": "#shingles", "uv": [ 0.0, 0.0, 0.5, 1.0 ] },
										"south": { "texture": "#shingles", "uv": [ 10.0, 2.5, 16.0, 3.5 ], "autoUv": false },
										"west": { "texture": "#shingles", "uv": [ 0.0, 0.0, 0.5, 1.0 ] },
										"up": { "texture": "#shingles", "uv": [ 0.0, 0.0, 6.0, 0.5 ] },
										"down": { "texture": "#shingles", "uv": [ 11.0, 3.0, 11.5, 3.5 ], "autoUv": false }
									}
								}
							]
						},
						{
							"name": "wood support top",
							"from": [ 20.8, 4.5, 7.6 ], 
							"to": [ 39.2, 7.0, 10.4 ], 
							"rotationOrigin": [ 19.0, 4.0, 7.0 ],
							"rotationX": -179.99997816404954,
							"rotationY": -5.008955855952477E-6,
							"rotationZ": -179.9999678050814,
							"faces": {
								"north": { "texture": "#log", "uv": [ 0.0, 0.0, 16.0, 3.0 ], "autoUv": false },
								"east": { "texture": "#log", "uv": [ 14.0, 14.0, 16.0, 16.0 ], "autoUv": false },
								"south": { "texture": "#log", "uv": [ 0.0, 0.0, 16.0, 3.5 ], "autoUv": false },
								"west": { "texture": "#log", "uv": [ 14.0, 14.0, 16.0, 16.0 ], "autoUv": false },
								"up": { "texture": "#log", "uv": [ 0.0, 5.5, 16.0, 9.0 ], "autoUv": false },
								"down": { "texture": "#log", "uv": [ 0.0, 7.5, 16.0, 11.0 ], "autoUv": false }
							}
						}
					]
				},
				{
					"name": "Walls",
					"from": [ -8.0, -8.0, -5.5 ], 
					"to": [ -8.0, -8.0, -5.5 ], 
					"rotationOrigin": [ -8.0, -8.0, -5.5 ],
					"rotationX": -2.2311795252909783E-5,
					"rotationY": -4.0711020037183786E-13,
					"rotationZ": 2.2311793624465875E-5,
					"faces": {
						"north": { "texture": "#bricks", "uv": [ 0.0, 0.0, 0.5, 0.5 ], "enabled": false },
						"east": { "texture": "#bricks", "uv": [ 0.0, 0.0, 0.5, 0.5 ], "enabled": false },
						"south": { "texture": "#bricks", "uv": [ 0.0, 0.0, 0.5, 0.5 ], "enabled": false },
						"west": { "texture": "#bricks", "uv": [ 0.0, 0.0, 0.5, 0.5 ], "enabled": false },
						"up": { "texture": "#bricks", "uv": [ 0.0, 0.0, 0.5, 0.5 ], "enabled": false },
						"down": { "texture": "#bricks", "uv": [ 0.0, 0.0, 0.5, 0.5 ], "enabled": false }
					},
					"children": [
						{
							"name": "Wall1",
							"from": [ 0.0, 0.0, -1.5 ], 
							"to": [ 16.0, 1.0, 12.5 ], 
							"rotationOrigin": [ 0.0, 0.0, -0.5 ],
							"rotationX": -1.628443907497612E-12,
							"rotationY": 3.413353627936079E-19,
							"rotationZ": 1.628443907497612E-12,
							"faces": {
								"north": { "texture": "#bricks", "uv": [ 0.0, 0.0, 16.0, 1.0 ], "enabled": false },
								"east": { "texture": "#bricks", "uv": [ 1.0, 15.0, 15.0, 16.0 ] },
								"south": { "texture": "#bricks", "uv": [ 0.0, 0.0, 16.0, 1.0 ], "enabled": false },
								"west": { "texture": "#bricks", "uv": [ 1.0, 15.0, 15.0, 16.0 ] },
								"up": { "texture": "#bricks", "uv": [ 0.0, 0.0, 16.0, 14.0 ], "enabled": false },
								"down": { "texture": "#bricks", "uv": [ 1.0, 0.0, 15.0, 16.0 ], "rotation": 90 }
							}
						},
						{
							"name": "Wall2",
							"from": [ 0.0, 1.0, -0.5 ], 
							"to": [ 16.0, 2.0, 11.5 ], 
							"rotationOrigin": [ 0.0, 1.0, 0.5 ],
							"rotationX": -1.628443907497612E-12,
							"rotationY": 3.413353627936079E-19,
							"rotationZ": 1.628443907497612E-12,
							"faces": {
								"north": { "texture": "#bricks", "uv": [ 0.0, 0.0, 16.0, 1.0 ], "enabled": false },
								"east": { "texture": "#bricks", "uv": [ 1.0, 14.0, 13.0, 15.0 ] },
								"south": { "texture": "#bricks", "uv": [ 0.0, 0.0, 16.0, 1.0 ], "enabled": false },
								"west": { "texture": "#bricks", "uv": [ 1.0, 14.0, 13.0, 15.0 ] },
								"up": { "texture": "#bricks", "uv": [ 0.0, 0.0, 16.0, 12.0 ], "enabled": false },
								"down": { "texture": "#bricks", "uv": [ 0.0, 0.0, 16.0, 12.0 ], "enabled": false }
							}
						},
						{
							"name": "Wall5",
							"from": [ 0.0, 4.0, 2.5 ], 
							"to": [ 16.0, 5.0, 8.5 ], 
							"rotationOrigin": [ 0.0, 4.0, 3.5 ],
							"rotationX": -1.628443907497612E-12,
							"rotationY": 3.413353627936079E-19,
							"rotationZ": 1.628443907497612E-12,
							"faces": {
								"north": { "texture": "#bricks", "uv": [ 0.0, 0.0, 16.0, 1.0 ], "enabled": false },
								"east": { "texture": "#bricks", "uv": [ 3.5, 11.0, 9.5, 12.0 ] },
								"south": { "texture": "#bricks", "uv": [ 0.0, 0.0, 16.0, 1.0 ], "enabled": false },
								"west": { "texture": "#bricks", "uv": [ 4.0, 11.0, 10.0, 12.0 ], "autoUv": false },
								"up": { "texture": "#bricks", "uv": [ 0.0, 0.0, 16.0, 6.0 ], "enabled": false },
								"down": { "texture": "#bricks", "uv": [ 0.0, 0.0, 16.0, 6.0 ], "enabled": false }
							}
						},
						{
							"name": "Wall3",
							"from": [ 0.0, 2.0, 0.5 ], 
							"to": [ 16.0, 3.0, 10.5 ], 
							"rotationOrigin": [ 0.0, 2.0, 1.5 ],
							"rotationX": -1.628443907497612E-12,
							"rotationY": 3.413353627936079E-19,
							"rotationZ": 1.628443907497612E-12,
							"faces": {
								"north": { "texture": "#bricks", "uv": [ 0.0, 0.0, 16.0, 1.0 ], "enabled": false },
								"east": { "texture": "#bricks", "uv": [ 2.0, 13.0, 12.0, 14.0 ], "autoUv": false },
								"south": { "texture": "#bricks", "uv": [ 0.0, 0.0, 16.0, 1.0 ], "enabled": false },
								"west": { "texture": "#bricks", "uv": [ 2.0, 13.0, 12.0, 14.0 ] },
								"up": { "texture": "#bricks", "uv": [ 0.0, 0.0, 16.0, 10.0 ], "enabled": false },
								"down": { "texture": "#bricks", "uv": [ 0.0, 0.0, 16.0, 10.0 ], "enabled": false }
							}
						},
						{
							"name": "Wall4",
							"from": [ 0.0, 3.0, 1.5 ], 
							"to": [ 16.0, 4.0, 9.5 ], 
							"rotationOrigin": [ 0.0, 3.0, 2.5 ],
							"rotationX": -1.628443907497612E-12,
							"rotationY": 3.413353627936079E-19,
							"rotationZ": 1.628443907497612E-12,
							"faces": {
								"north": { "texture": "#bricks", "uv": [ 0.0, 0.0, 16.0, 1.0 ], "enabled": false },
								"east": { "texture": "#bricks", "uv": [ 3.0, 12.0, 11.0, 13.0 ] },
								"south": { "texture": "#bricks", "uv": [ 0.0, 0.0, 16.0, 1.0 ], "enabled": false },
								"west": { "texture": "#bricks", "uv": [ 3.0, 12.0, 11.0, 13.0 ] },
								"up": { "texture": "#bricks", "uv": [ 0.0, 0.0, 16.0, 8.0 ], "enabled": false },
								"down": { "texture": "#bricks", "uv": [ 0.0, 0.0, 16.0, 8.0 ], "enabled": false }
							}
						},
						{
							"name": "Wall6",
							"from": [ 0.0, 5.0, 3.5 ], 
							"to": [ 1.0, 6.0, 7.5 ], 
							"rotationOrigin": [ 0.0, 5.0, 3.2 ],
							"rotationX": -1.628443907497612E-12,
							"rotationY": 3.413353627936079E-19,
							"rotationZ": 1.628443907497612E-12,
							"faces": {
								"north": { "texture": "#bricks", "uv": [ 0.0, 0.0, 1.0, 1.0 ], "enabled": false },
								"east": { "texture": "#bricks", "uv": [ 0.0, 0.0, 4.0, 1.0 ], "enabled": false },
								"south": { "texture": "#bricks", "uv": [ 0.0, 0.0, 1.0, 1.0 ], "enabled": false },
								"west": { "texture": "#bricks", "uv": [ 4.5, 11.5, 8.5, 12.5 ] },
								"up": { "texture": "#bricks", "uv": [ 0.0, 0.0, 1.0, 4.0 ], "enabled": false },
								"down": { "texture": "#bricks", "uv": [ 0.0, 0.0, 1.0, 4.0 ], "enabled": false }
							}
						},
						{
							"name": "Wall7",
							"from": [ 0.0, 6.0, 4.5 ], 
							"to": [ 1.0, 7.0, 6.5 ], 
							"rotationOrigin": [ 0.0, 6.0, 4.0 ],
							"rotationX": -1.628443907497612E-12,
							"rotationY": 3.413353627936079E-19,
							"rotationZ": 1.628443907497612E-12,
							"faces": {
								"north": { "texture": "#bricks", "uv": [ 0.0, 0.0, 1.0, 1.0 ], "enabled": false },
								"east": { "texture": "#bricks", "uv": [ 0.0, 0.0, 2.0, 1.0 ], "enabled": false },
								"south": { "texture": "#bricks", "uv": [ 0.0, 0.0, 1.0, 1.0 ], "enabled": false },
								"west": { "texture": "#bricks", "uv": [ 6.5, 10.0, 8.5, 11.0 ] },
								"up": { "texture": "#bricks", "uv": [ 0.0, 0.0, 1.0, 2.0 ], "enabled": false },
								"down": { "texture": "#bricks", "uv": [ 0.0, 0.0, 1.0, 2.0 ], "enabled": false }
							}
						}
					]
				}
			]
		},
		{
			"name": "Insides 0",
			"from": [ 2.8, -1.3, 1.3 ], 
			"to": [ 18.8, 7.2, 1.3 ], 
			"rotationOrigin": [ 3.3001, 1.7001, 0.5 ],
			"rotationX": -89.99997573974024,
			"rotationY": -45.00002069701329,
			"rotationZ": -89.99995642104051,
			"faces": {
				"north": { "texture": "#log", "uv": [ 0.0, 0.0, 16.0, 8.5 ], "enabled": false },
				"east": { "texture": "#log", "uv": [ 0.0, 0.0, 16.0, 1.5 ], "rotation": 90, "enabled": false, "autoUv": false },
				"south": { "texture": "#log", "uv": [ 0.0, 0.0, 16.0, 8.5 ] },
				"west": { "texture": "#log", "uv": [ 0.0, 0.5, 16.5, 4.0 ], "rotation": 90, "enabled": false, "autoUv": false },
				"up": { "texture": "#log", "uv": [ 0.0, 0.0, 16.0, 0.5 ], "enabled": false },
				"down": { "texture": "#log", "uv": [ 14.0, 14.0, 16.0, 16.0 ], "enabled": false, "autoUv": false }
			}
		},
		{
			"name": "Insides 1",
			"from": [ 12.8, -0.31, 1.55 ], 
			"to": [ 28.8, 8.19, 1.55 ], 
			"rotationOrigin": [ 13.3001, 3.7001, 0.5 ],
			"rotationX": -90.0,
			"rotationY": -135.0,
			"rotationZ": -90.0,
			"faces": {
				"north": { "texture": "#log", "uv": [ 0.0, 0.0, 16.0, 8.5 ] },
				"east": { "texture": "#log", "uv": [ 0.0, 0.0, 16.0, 1.5 ], "rotation": 90, "enabled": false, "autoUv": false },
				"south": { "texture": "#log", "uv": [ 0.0, 0.0, 16.0, 8.5 ], "enabled": false },
				"west": { "texture": "#log", "uv": [ 0.0, 0.5, 16.5, 4.0 ], "rotation": 90, "enabled": false, "autoUv": false },
				"up": { "texture": "#log", "uv": [ 0.0, 0.0, 16.0, 0.5 ], "enabled": false },
				"down": { "texture": "#log", "uv": [ 14.0, 14.0, 16.0, 16.0 ], "enabled": false, "autoUv": false }
			}
		},
		{
			"name": "wood support N",
			"from": [ 1.1788, -1.2899, -1.0 ], 
			"to": [ 1.1788, -1.2899, -1.0 ], 
			"rotationOrigin": [ 1.1788, -1.2899, -1.0 ],
			"rotationX": -89.99997573974024,
			"rotationY": -45.00002069701329,
			"rotationZ": -89.99995642104051,
			"faces": {
				"north": { "texture": "#log", "uv": [ 0.0, 0.0, 0.5, 0.5 ] },
				"east": { "texture": "#log", "uv": [ 0.0, 0.0, 0.5, 0.5 ] },
				"south": { "texture": "#log", "uv": [ 0.0, 0.0, 0.5, 0.5 ] },
				"west": { "texture": "#log", "uv": [ 0.0, 0.0, 0.5, 0.5 ] },
				"up": { "texture": "#log", "uv": [ 0.0, 0.0, 0.5, 0.5 ] },
				"down": { "texture": "#log", "uv": [ 0.0, 0.0, 0.5, 0.5 ] }
			},
			"children": [
				{
					"name": "wood support right",
					"from": [ 17.0, 0.0, 0.0 ], 
					"to": [ 18.0, 9.7, 2.0 ], 
					"rotationOrigin": [ 17.5, 2.2, -0.8 ],
					"rotationX": -3.415094397496434E-6,
					"faces": {
						"north": { "texture": "#log", "uv": [ 0.0, 0.0, 16.0, 1.5 ], "rotation": 90, "autoUv": false },
						"east": { "texture": "#log", "uv": [ 0.0, 0.0, 16.0, 1.5 ], "rotation": 90, "autoUv": false },
						"south": { "texture": "#log", "uv": [ 0.0, 3.0, 16.0, 4.5 ], "rotation": 90, "autoUv": false },
						"west": { "texture": "#log", "uv": [ 0.0, 0.5, 16.0, 2.0 ], "rotation": 90, "autoUv": false },
						"up": { "texture": "#log", "uv": [ 0.0, 0.0, 1.0, 2.0 ], "enabled": false },
						"down": { "texture": "#log", "uv": [ 14.0, 14.0, 16.0, 16.0 ], "autoUv": false }
					}
				},
				{
					"name": "wood support 0",
					"from": [ 1.0, 1.0, 1.0 ], 
					"to": [ 17.0, 2.0, 2.0 ], 
					"rotationOrigin": [ 1.0, 2.0, 0.0 ],
					"rotationX": 44.99999028471095,
					"faces": {
						"north": { "texture": "#log", "uv": [ 0.0, 1.0, 16.0, 3.0 ] },
						"east": { "texture": "#log", "uv": [ 0.0, 0.0, 1.0, 2.0 ] },
						"south": { "texture": "#log", "uv": [ 0.0, 3.0, 16.0, 5.0 ] },
						"west": { "texture": "#log", "uv": [ 0.0, 0.0, 1.0, 2.0 ] },
						"up": { "texture": "#log", "uv": [ 0.0, 2.0, 16.0, 3.0 ] },
						"down": { "texture": "#log", "uv": [ 0.0, 6.0, 16.0, 7.0 ] }
					}
				},
				{
					"name": "wood support right 2",
					"from": [ 0.0, 0.0, 0.0 ], 
					"to": [ 1.0, 9.7, 2.0 ], 
					"rotationOrigin": [ 0.5, 2.2, -0.8 ],
					"rotationX": -3.415094397496434E-6,
					"faces": {
						"north": { "texture": "#log", "uv": [ 0.0, 0.0, 16.0, 1.5 ], "rotation": 90, "autoUv": false },
						"east": { "texture": "#log", "uv": [ 0.0, 0.0, 16.0, 1.5 ], "rotation": 90, "autoUv": false },
						"south": { "texture": "#log", "uv": [ 0.0, 3.0, 16.0, 4.5 ], "rotation": 90, "autoUv": false },
						"west": { "texture": "#log", "uv": [ 0.0, 0.5, 16.0, 2.0 ], "rotation": 90, "autoUv": false },
						"up": { "texture": "#log", "uv": [ 0.0, 0.0, 1.0, 2.0 ], "enabled": false },
						"down": { "texture": "#log", "uv": [ 14.0, 14.0, 16.0, 16.0 ], "autoUv": false }
					}
				}
			]
		},
		{
			"name": "wood support S",
			"from": [ 14.8212, -1.2899, 17.0 ], 
			"to": [ 14.8212, -1.2899, 17.0 ], 
			"rotationOrigin": [ 14.8212, -1.2899, 17.0 ],
			"rotationX": -89.99994676171508,
			"rotationY": 44.99998205962819,
			"rotationZ": 89.99996608040748,
			"faces": {
				"north": { "texture": "#log", "uv": [ 0.0, 0.0, 0.5, 0.5 ] },
				"east": { "texture": "#log", "uv": [ 0.0, 0.0, 0.5, 0.5 ] },
				"south": { "texture": "#log", "uv": [ 0.0, 0.0, 0.5, 0.5 ] },
				"west": { "texture": "#log", "uv": [ 0.0, 0.0, 0.5, 0.5 ] },
				"up": { "texture": "#log", "uv": [ 0.0, 0.0, 0.5, 0.5 ] },
				"down": { "texture": "#log", "uv": [ 0.0, 0.0, 0.5, 0.5 ] }
			},
			"children": [
				{
					"name": "wood support  left45",
					"from": [ 0.0, 0.0, 0.0 ], 
					"to": [ 1.0, 9.7, 2.0 ], 
					"rotationOrigin": [ 0.5, 2.2, -0.8 ],
					"rotationX": -3.415094397496434E-6,
					"faces": {
						"north": { "texture": "#log", "uv": [ 0.0, 0.0, 16.0, 1.5 ], "rotation": 90, "autoUv": false },
						"east": { "texture": "#log", "uv": [ 0.0, 0.0, 16.0, 1.5 ], "rotation": 90, "autoUv": false },
						"south": { "texture": "#log", "uv": [ 0.0, 3.0, 16.0, 4.5 ], "rotation": 90, "autoUv": false },
						"west": { "texture": "#log", "uv": [ 0.0, 0.5, 16.0, 2.0 ], "rotation": 90, "autoUv": false },
						"up": { "texture": "#log", "uv": [ 0.0, 0.0, 1.0, 2.0 ], "enabled": false },
						"down": { "texture": "#log", "uv": [ 14.0, 14.0, 16.0, 16.0 ], "autoUv": false }
					}
				},
				{
					"name": "wood support 51",
					"from": [ 1.0, 1.0, 1.0 ], 
					"to": [ 17.0, 2.0, 2.0 ], 
					"rotationOrigin": [ 1.0, 2.0, 0.0 ],
					"rotationX": 44.99999028471095,
					"faces": {
						"north": { "texture": "#log", "uv": [ 0.0, 1.0, 16.0, 2.0 ] },
						"east": { "texture": "#log", "uv": [ 0.0, 0.0, 1.0, 1.0 ] },
						"south": { "texture": "#log", "uv": [ 0.0, 3.0, 16.0, 4.0 ] },
						"west": { "texture": "#log", "uv": [ 0.0, 0.0, 1.0, 1.0 ] },
						"up": { "texture": "#log", "uv": [ 0.0, 2.0, 16.0, 3.0 ] },
						"down": { "texture": "#log", "uv": [ 0.0, 6.0, 16.0, 7.0 ] }
					}
				},
				{
					"name": "wood support  left52",
					"from": [ 17.0, 0.0, 0.0 ], 
					"to": [ 18.0, 9.7, 2.0 ], 
					"rotationOrigin": [ 17.5, 2.2, -0.8 ],
					"rotationX": -3.415094397496434E-6,
					"faces": {
						"north": { "texture": "#log", "uv": [ 0.0, 0.0, 16.0, 1.5 ], "rotation": 90, "autoUv": false },
						"east": { "texture": "#log", "uv": [ 0.0, 0.0, 16.0, 1.5 ], "rotation": 90, "autoUv": false },
						"south": { "texture": "#log", "uv": [ 0.0, 3.0, 16.0, 4.5 ], "rotation": 90, "autoUv": false },
						"west": { "texture": "#log", "uv": [ 0.0, 0.5, 16.0, 2.0 ], "rotation": 90, "autoUv": false },
						"up": { "texture": "#log", "uv": [ 0.0, 0.0, 1.0, 2.0 ], "enabled": false },
						"down": { "texture": "#log", "uv": [ 14.0, 14.0, 16.0, 16.0 ], "autoUv": false }
					}
				}
			]
		}
	]}