{
	"editor": {
		"allAngles": false,
		"entityTextureMode": false
	},
	"textureWidth": 16,
	"textureHeight": 16,
	"textureSizes": {
	},
	"textures": {
		"bricks": "C:/Users/andy-/AppData/Roaming/Vintagestory/assets/survival/textures/block/stone/brick/granite1",
		"log": "C:/Users/andy-/AppData/Roaming/Vintagestory/assets/survival/textures/block/wood/firepit/log",
		"shingles": "C:/Users/andy-/AppData/Roaming/Vintagestory/assets/survival/textures/block/clay/shingles/red"
	},
	"elements": [
		{
			"name": "Master",
			"from": [ 8.0, 21.7, 8.0 ], 
			"to": [ 8.0, 21.7, 8.0 ], 
			"rotationOrigin": [ 8.0, 21.7, 8.0 ],
			"faces": {
				"north": { "texture": "#bricks", "uv": [ 0.0, 0.0, 0.5, 0.5 ], "enabled": false },
				"east": { "texture": "#log", "uv": [ 0.0, 0.0, 0.5, 0.5 ], "enabled": false },
				"south": { "texture": "#log", "uv": [ 0.0, 0.0, 0.5, 0.5 ], "enabled": false },
				"west": { "texture": "#log", "uv": [ 0.0, 0.0, 0.5, 0.5 ], "enabled": false },
				"up": { "texture": "#log", "uv": [ 0.0, 0.0, 0.5, 0.5 ], "enabled": false },
				"down": { "texture": "#log", "uv": [ 0.0, 0.0, 0.5, 0.5 ], "enabled": false }
			},
			"children": [
				{
					"name": "Roofs",
					"from": [ -8.0, -15.5, -1.0 ], 
					"to": [ -8.0, -15.5, -1.0 ], 
					"rotationOrigin": [ -8.0, -15.5, -1.0 ],
					"rotationX": -45.0,
					"faces": {
						"north": { "texture": "#shingles", "uv": [ 0.0, 0.0, 0.5, 0.5 ], "enabled": false },
						"east": { "texture": "#shingles", "uv": [ 0.0, 0.0, 0.5, 0.5 ], "enabled": false },
						"south": { "texture": "#shingles", "uv": [ 0.0, 0.0, 0.5, 0.5 ], "enabled": false },
						"west": { "texture": "#shingles", "uv": [ 0.0, 0.0, 0.5, 0.5 ], "enabled": false },
						"up": { "texture": "#shingles", "uv": [ 0.0, 0.0, 0.5, 0.5 ], "enabled": false },
						"down": { "texture": "#shingles", "uv": [ 0.0, 0.0, 0.5, 0.5 ], "enabled": false }
					}
				},
				{
					"name": "Roof Flat",
					"from": [ -8.0, -7.52, 7.1317 ], 
					"to": [ 8.0, 8.48, 8.1317 ], 
					"rotationOrigin": [ -8.0, -6.6612, 7.1317 ],
					"rotationX": -89.99998481315555,
					"faces": {
						"north": { "texture": "#shingles", "uv": [ 0.0, 0.0, 16.0, 16.0 ], "enabled": false, "autoUv": false },
						"east": { "texture": "#log", "uv": [ 0.0, 0.0, 16.0, 1.0 ], "rotation": 90 },
						"south": { "texture": "#shingles", "uv": [ 0.0, 0.0, 16.0, 16.0 ], "autoUv": false },
						"west": { "texture": "#log", "uv": [ 0.0, 0.0, 16.0, 1.0 ], "rotation": 90 },
						"up": { "texture": "#log", "uv": [ 0.0, 0.0, 16.0, 1.0 ] },
						"down": { "texture": "#log", "uv": [ 0.0, 0.0, 16.0, 1.0 ] }
					}
				},
				{
					"name": "Roof Flat4",
					"from": [ -8.0, -22.52, 7.1317 ], 
					"to": [ 8.0, -6.52, 22.1317 ], 
					"rotationOrigin": [ -8.0, -21.6612, 7.1317 ],
					"rotationX": -89.99998481315555,
					"faces": {
						"north": { "texture": "#bricks", "uv": [ 0.0, 0.0, 16.0, 16.0 ], "autoUv": false },
						"east": { "texture": "#bricks", "uv": [ 0.0, 0.0, 16.0, 15.5 ], "rotation": 270, "autoUv": false },
						"south": { "texture": "#bricks", "uv": [ 0.0, 0.0, 16.0, 16.0 ], "rotation": 270, "enabled": false, "autoUv": false },
						"west": { "texture": "#bricks", "uv": [ 0.0, 0.0, 16.0, 16.0 ], "rotation": 90, "autoUv": false },
						"up": { "texture": "#bricks", "uv": [ 0.0, 0.0, 16.0, 15.0 ], "rotation": 180 },
						"down": { "texture": "#bricks", "uv": [ 0.0, 0.0, 16.0, 15.0 ], "rotation": 180 }
					}
				}
			]
		}
	]}