{
	"code": "lightbulb",
	"creativeinventory": {
		"general": [ "*" ],
		"qptech": [ "*" ]
	},
	"variantgroups": [
		{
			"code": "power",
			"states": [ "on", "off" ]
		}
	],
	"shape": { "base": "block/metal/electric/light/bulb-{power}" },
	"textures": {
		"bulb": { "base": "block/glass/light/bulb/light-{power}" },
		"wires": { "base": "block/metal/wires/tin-wires" },
		"glass": { "base": "block/glass/light/glass-{power}" },
		"brass": { "base": "game:block/metal/plate/brass" }
	},
	"drawtype": "json",
	"blockmaterial": "Glass",
	"lightAbsorption": 0,
	"lightHsvByType": {
		"lightbulb-off": null,
		"lightbulb-on": [ 4, 4, 8 ]
	},
	"sidesolid": {
		"all": false
	},
	"sideopaque": {
		"all": false
	},
	"collisionbox": null,
	"selectionBox": {
		"x1": 0.4475,
		"y1": 0,
		"z1": 0.4675,
		"x2": 0.5725,
		"y2": 1,
		"z2": 0.5625
	},
	"replaceable": 500,
	"resistance": 1
}