{
	"code": "cabinet",
	"entityclass": "GenericTypedContainer",
	"creativeinventory": {
		"qptech": [ "*-east" ],
		"kitchen": [ "*-east" ]
	},
	"attributes": {
		"partialAttachable": true,

		"inventoryClassName": "chest",

		"types": [ "normal-generic" ],
		"quantitySlots": { "normal-generic": 8 },
		"storageType": { "normal-generic": 169 },
		"typedOpenSound": { "normal-generic": "sounds/block/largechestopen" },
		"dialogTitleLangCode": {
			"normal-generic": "chestcontents"
		},
		"spoilSpeedMulByFoodCat": {
			"normal-generic": {
				"vegetable": 0.9,
				"grain": 0.8

			}
		},
		"typedCloseSound": { "normal-generic": "sounds/block/largechestclose" }

	},
	"variantgroups": [
		{
			"code": "position",
			"states": [ "upper-door", "mid-door", "lower-door" ]
		},
		{
			"code": "wood",
			"states": [ "aged" ],
			"loadFromProperties": "block/wood"
		},
		{
			"code": "side",
			"loadFromProperties": "abstract/horizontalorientation"
		}
	],
	"behaviors": [
		{
			"name": "HorizontalOrientable",
			"properties": { "dropBlockFace": "east" }
		},
		{ "name": "Lockable" },
		{ "name": "Container" }
	],
	"shape": { "base": "block/cabinet" },
	"shapeByType": {
		"*-north": {
			"base": "block/wood/cabinet-{position}",
			"rotateY": 0
		},
		"*-east": {
			"base": "block/wood/cabinet-{position}",
			"rotateY": 270
		},
		"*-west": {
			"base": "block/wood/cabinet-{position}",
			"rotateY": 90
		},
		"*-south": {
			"base": "block/wood/cabinet-{position}",
			"rotateY": 180
		}
	},


	"blockmaterial": "Wood",
	"sideopaque": {
		"all": false
	},
	"textures": {
		"all": { "base": "game:block/wood/planks/{wood}*" }
	},
	"resistance": 1,


	"sounds": {
		"hit": "game:block/planks",
		"break": "game:block/planks",
		"place": "game:block/planks",
		"walk": "game:walk/wood"
	},
	"guiTransform": {
		"origin": {
			"x": 0.5,
			"y": 0.5,
			"z": 0.5
		},
		"scale": 1
	}


}