{
	"editor": {
		"allAngles": false,
		"entityTextureMode": false
	},
	"textureWidth": 16,
	"textureHeight": 16,
	"textureSizes": {
	},
	"textures": {
		"shinybrass": "block/shinybrass",
		"oak1": "block/oak1"
	},
	"elements": [
		{
			"name": "Cube2",
			"from": [ 1.0, 2.0, 1.0 ], 
			"to": [ 15.0, 16.0, 2.0 ], 
			"rotationOrigin": [ 1.0, 2.0, 1.0 ],
			"faces": {
				"north": { "texture": "#oak1", "uv": [ 0.0, 0.0, 14.0, 14.0 ], "rotation": 90 },
				"east": { "texture": "#oak1", "uv": [ 0.0, 0.0, 14.0, 1.0 ], "rotation": 90 },
				"south": { "texture": "#oak1", "uv": [ 0.0, 0.0, 14.0, 14.0 ], "rotation": 90 },
				"west": { "texture": "#oak1", "uv": [ 0.0, 0.0, 14.0, 1.0 ], "rotation": 90 },
				"up": { "texture": "#oak1", "uv": [ 0.0, 0.0, 14.0, 1.0 ] },
				"down": { "texture": "#oak1", "uv": [ 0.0, 0.0, 14.0, 1.0 ] }
			}
		},
		{
			"name": "Cube3",
			"from": [ 5.0, 0.0, 5.0 ], 
			"to": [ 11.0, 3.0, 11.0 ], 
			"rotationOrigin": [ 5.0, 0.0, 5.0 ],
			"faces": {
				"north": { "texture": "#shinybrass", "uv": [ 0.0, 0.0, 6.0, 3.0 ] },
				"east": { "texture": "#shinybrass", "uv": [ 0.0, 0.0, 6.0, 3.0 ] },
				"south": { "texture": "#shinybrass", "uv": [ 0.0, 0.0, 6.0, 3.0 ] },
				"west": { "texture": "#shinybrass", "uv": [ 0.0, 0.0, 6.0, 3.0 ] },
				"up": { "texture": "#shinybrass", "uv": [ 0.0, 0.0, 6.0, 6.0 ] },
				"down": { "texture": "#shinybrass", "uv": [ 0.0, 0.0, 6.0, 6.0 ] }
			}
		},
		{
			"name": "Cube5",
			"from": [ 4.5, -0.5, 4.5 ], 
			"to": [ 11.5, 0.5, 11.5 ], 
			"rotationOrigin": [ 4.0, 0.0, 4.0 ],
			"faces": {
				"north": { "texture": "#shinybrass", "uv": [ 0.0, 0.0, 7.0, 1.0 ] },
				"east": { "texture": "#shinybrass", "uv": [ 0.0, 0.0, 7.0, 1.0 ] },
				"south": { "texture": "#shinybrass", "uv": [ 0.0, 0.0, 7.0, 1.0 ] },
				"west": { "texture": "#shinybrass", "uv": [ 0.0, 0.0, 7.0, 1.0 ] },
				"up": { "texture": "#shinybrass", "uv": [ 0.0, 0.0, 7.0, 7.0 ] },
				"down": { "texture": "#shinybrass", "uv": [ 0.0, 0.0, 7.0, 7.0 ] }
			}
		},
		{
			"name": "Cube6",
			"from": [ 1.0, 2.0, 2.0 ], 
			"to": [ 2.0, 16.0, 14.0 ], 
			"rotationOrigin": [ 1.0, 2.0, 2.0 ],
			"faces": {
				"north": { "texture": "#oak1", "uv": [ 0.0, 0.0, 14.0, 1.0 ], "rotation": 90 },
				"east": { "texture": "#oak1", "uv": [ 0.0, 0.0, 14.0, 12.0 ], "rotation": 90 },
				"south": { "texture": "#oak1", "uv": [ 0.0, 0.0, 14.0, 1.0 ], "rotation": 90 },
				"west": { "texture": "#oak1", "uv": [ 0.0, 0.0, 14.0, 12.0 ], "rotation": 90 },
				"up": { "texture": "#oak1", "uv": [ 0.0, 0.0, 1.0, 12.0 ] },
				"down": { "texture": "#oak1", "uv": [ 0.0, 0.0, 1.0, 12.0 ] }
			}
		},
		{
			"name": "Cube7",
			"from": [ 14.0, 2.0, 2.0 ], 
			"to": [ 15.0, 16.0, 14.0 ], 
			"rotationOrigin": [ 14.0, 2.0, 2.0 ],
			"faces": {
				"north": { "texture": "#oak1", "uv": [ 0.0, 0.0, 14.0, 1.0 ], "rotation": 90 },
				"east": { "texture": "#oak1", "uv": [ 0.0, 0.0, 14.0, 12.0 ], "rotation": 90 },
				"south": { "texture": "#oak1", "uv": [ 0.0, 0.0, 14.0, 1.0 ], "rotation": 90 },
				"west": { "texture": "#oak1", "uv": [ 0.0, 0.0, 14.0, 12.0 ], "rotation": 90 },
				"up": { "texture": "#oak1", "uv": [ 0.0, 0.0, 1.0, 12.0 ] },
				"down": { "texture": "#oak1", "uv": [ 0.0, 0.0, 1.0, 12.0 ] }
			}
		},
		{
			"name": "ring",
			"from": [ 0.5, 14.0, 0.5 ], 
			"to": [ 1.0, 15.0, 15.5 ], 
			"rotationOrigin": [ 0.0, 13.0, 0.0 ],
			"faces": {
				"north": { "texture": "#shinybrass", "uv": [ 0.0, 0.0, 0.5, 1.0 ] },
				"east": { "texture": "#shinybrass", "uv": [ 0.0, 0.0, 15.0, 1.0 ] },
				"south": { "texture": "#shinybrass", "uv": [ 0.0, 0.0, 0.5, 1.0 ] },
				"west": { "texture": "#shinybrass", "uv": [ 0.0, 0.0, 15.0, 1.0 ] },
				"up": { "texture": "#shinybrass", "uv": [ 0.0, 0.0, 0.5, 15.0 ] },
				"down": { "texture": "#shinybrass", "uv": [ 0.0, 0.0, 0.5, 15.0 ] }
			},
			"children": [
				{
					"name": "ring13",
					"from": [ 0.5, 0.0, 0.0 ], 
					"to": [ 14.5, 1.0, 0.5 ], 
					"rotationOrigin": [ -0.5, -1.0, -0.5 ],
					"faces": {
						"north": { "texture": "#shinybrass", "uv": [ 0.0, 0.0, 14.0, 1.0 ] },
						"east": { "texture": "#shinybrass", "uv": [ 0.0, 0.0, 0.5, 1.0 ] },
						"south": { "texture": "#shinybrass", "uv": [ 0.0, 0.0, 14.0, 1.0 ] },
						"west": { "texture": "#shinybrass", "uv": [ 0.0, 0.0, 0.5, 1.0 ] },
						"up": { "texture": "#shinybrass", "uv": [ 0.0, 0.0, 14.0, 0.5 ] },
						"down": { "texture": "#shinybrass", "uv": [ 0.0, 0.0, 14.0, 0.5 ] }
					}
				},
				{
					"name": "ring14",
					"from": [ 0.5, 0.0, 14.5 ], 
					"to": [ 14.5, 1.0, 15.0 ], 
					"rotationOrigin": [ -0.5, -1.0, 14.5 ],
					"faces": {
						"north": { "texture": "#shinybrass", "uv": [ 0.0, 0.0, 14.0, 1.0 ] },
						"east": { "texture": "#shinybrass", "uv": [ 0.0, 0.0, 0.5, 1.0 ] },
						"south": { "texture": "#shinybrass", "uv": [ 0.0, 0.0, 14.0, 1.0 ] },
						"west": { "texture": "#shinybrass", "uv": [ 0.0, 0.0, 0.5, 1.0 ] },
						"up": { "texture": "#shinybrass", "uv": [ 0.0, 0.0, 14.0, 0.5 ] },
						"down": { "texture": "#shinybrass", "uv": [ 0.0, 0.0, 14.0, 0.5 ] }
					}
				},
				{
					"name": "ring2",
					"from": [ 14.5, 0.0, 0.0 ], 
					"to": [ 15.0, 1.0, 15.0 ], 
					"rotationOrigin": [ 14.5, -1.0, -0.5 ],
					"faces": {
						"north": { "texture": "#shinybrass", "uv": [ 0.0, 0.0, 0.5, 1.0 ] },
						"east": { "texture": "#shinybrass", "uv": [ 0.0, 0.0, 15.0, 1.0 ] },
						"south": { "texture": "#shinybrass", "uv": [ 0.0, 0.0, 0.5, 1.0 ] },
						"west": { "texture": "#shinybrass", "uv": [ 0.0, 0.0, 15.0, 1.0 ] },
						"up": { "texture": "#shinybrass", "uv": [ 0.0, 0.0, 0.5, 15.0 ] },
						"down": { "texture": "#shinybrass", "uv": [ 0.0, 0.0, 0.5, 15.0 ] }
					}
				}
			]
		},
		{
			"name": "Cube13",
			"from": [ 4.5, 2.0, 4.5 ], 
			"to": [ 11.5, 3.0, 11.5 ], 
			"rotationOrigin": [ 4.0, 3.0, 4.0 ],
			"faces": {
				"north": { "texture": "#shinybrass", "uv": [ 0.0, 0.0, 7.0, 1.0 ] },
				"east": { "texture": "#shinybrass", "uv": [ 0.0, 0.0, 7.0, 1.0 ] },
				"south": { "texture": "#shinybrass", "uv": [ 0.0, 0.0, 7.0, 1.0 ] },
				"west": { "texture": "#shinybrass", "uv": [ 0.0, 0.0, 7.0, 1.0 ] },
				"up": { "texture": "#shinybrass", "uv": [ 0.0, 0.0, 7.0, 7.0 ] },
				"down": { "texture": "#shinybrass", "uv": [ 0.0, 0.0, 7.0, 7.0 ] }
			}
		},
		{
			"name": "ring15",
			"from": [ 0.5, 3.0, 0.5 ], 
			"to": [ 1.0, 4.0, 15.5 ], 
			"rotationOrigin": [ 0.0, 2.0, 0.0 ],
			"faces": {
				"north": { "texture": "#shinybrass", "uv": [ 0.0, 0.0, 0.5, 1.0 ] },
				"east": { "texture": "#shinybrass", "uv": [ 0.0, 0.0, 15.0, 1.0 ] },
				"south": { "texture": "#shinybrass", "uv": [ 0.0, 0.0, 0.5, 1.0 ] },
				"west": { "texture": "#shinybrass", "uv": [ 0.0, 0.0, 15.0, 1.0 ] },
				"up": { "texture": "#shinybrass", "uv": [ 0.0, 0.0, 0.5, 15.0 ] },
				"down": { "texture": "#shinybrass", "uv": [ 0.0, 0.0, 0.5, 15.0 ] }
			},
			"children": [
				{
					"name": "ring16",
					"from": [ 0.5, 0.0, 0.0 ], 
					"to": [ 14.5, 1.0, 0.5 ], 
					"rotationOrigin": [ -0.5, -1.0, -0.5 ],
					"faces": {
						"north": { "texture": "#shinybrass", "uv": [ 0.0, 0.0, 14.0, 1.0 ] },
						"east": { "texture": "#shinybrass", "uv": [ 0.0, 0.0, 0.5, 1.0 ] },
						"south": { "texture": "#shinybrass", "uv": [ 0.0, 0.0, 14.0, 1.0 ] },
						"west": { "texture": "#shinybrass", "uv": [ 0.0, 0.0, 0.5, 1.0 ] },
						"up": { "texture": "#shinybrass", "uv": [ 0.0, 0.0, 14.0, 0.5 ] },
						"down": { "texture": "#shinybrass", "uv": [ 0.0, 0.0, 14.0, 0.5 ] }
					}
				},
				{
					"name": "ring17",
					"from": [ 0.5, 0.0, 14.5 ], 
					"to": [ 14.5, 1.0, 15.0 ], 
					"rotationOrigin": [ -0.5, -1.0, 14.5 ],
					"faces": {
						"north": { "texture": "#shinybrass", "uv": [ 0.0, 0.0, 14.0, 1.0 ] },
						"east": { "texture": "#shinybrass", "uv": [ 0.0, 0.0, 0.5, 1.0 ] },
						"south": { "texture": "#shinybrass", "uv": [ 0.0, 0.0, 14.0, 1.0 ] },
						"west": { "texture": "#shinybrass", "uv": [ 0.0, 0.0, 0.5, 1.0 ] },
						"up": { "texture": "#shinybrass", "uv": [ 0.0, 0.0, 14.0, 0.5 ] },
						"down": { "texture": "#shinybrass", "uv": [ 0.0, 0.0, 14.0, 0.5 ] }
					}
				},
				{
					"name": "ring18",
					"from": [ 14.5, 0.0, 0.0 ], 
					"to": [ 15.0, 1.0, 15.0 ], 
					"rotationOrigin": [ 14.5, -1.0, -0.5 ],
					"faces": {
						"north": { "texture": "#shinybrass", "uv": [ 0.0, 0.0, 0.5, 1.0 ] },
						"east": { "texture": "#shinybrass", "uv": [ 0.0, 0.0, 15.0, 1.0 ] },
						"south": { "texture": "#shinybrass", "uv": [ 0.0, 0.0, 0.5, 1.0 ] },
						"west": { "texture": "#shinybrass", "uv": [ 0.0, 0.0, 15.0, 1.0 ] },
						"up": { "texture": "#shinybrass", "uv": [ 0.0, 0.0, 0.5, 15.0 ] },
						"down": { "texture": "#shinybrass", "uv": [ 0.0, 0.0, 0.5, 15.0 ] }
					}
				}
			]
		},
		{
			"name": "Cube19",
			"from": [ 2.0, 2.0, 2.0 ], 
			"to": [ 14.0, 3.5, 14.0 ], 
			"rotationOrigin": [ 2.0, 2.0, 2.0 ],
			"faces": {
				"north": { "texture": "#oak1", "uv": [ 0.0, 0.0, 1.5, 12.0 ], "rotation": 90 },
				"east": { "texture": "#oak1", "uv": [ 0.0, 0.0, 1.5, 12.0 ], "rotation": 90 },
				"south": { "texture": "#oak1", "uv": [ 0.0, 0.0, 1.5, 12.0 ], "rotation": 90 },
				"west": { "texture": "#oak1", "uv": [ 0.0, 0.0, 1.5, 12.0 ], "rotation": 90 },
				"up": { "texture": "#oak1", "uv": [ 0.0, 0.0, 12.0, 12.0 ] },
				"down": { "texture": "#oak1", "uv": [ 0.0, 0.0, 12.0, 12.0 ] }
			}
		},
		{
			"name": "Cube16",
			"from": [ 1.0, 2.0, 14.0 ], 
			"to": [ 15.0, 16.0, 15.0 ], 
			"rotationOrigin": [ 1.0, 2.0, 14.0 ],
			"faces": {
				"north": { "texture": "#oak1", "uv": [ 0.0, 0.0, 14.0, 14.0 ], "rotation": 90 },
				"east": { "texture": "#oak1", "uv": [ 0.0, 0.0, 14.0, 1.0 ], "rotation": 90 },
				"south": { "texture": "#oak1", "uv": [ 0.0, 0.0, 14.0, 14.0 ], "rotation": 90 },
				"west": { "texture": "#oak1", "uv": [ 0.0, 0.0, 14.0, 1.0 ], "rotation": 90 },
				"up": { "texture": "#oak1", "uv": [ 0.0, 0.0, 14.0, 1.0 ] },
				"down": { "texture": "#oak1", "uv": [ 0.0, 0.0, 14.0, 1.0 ] }
			}
		}
	]}