{
	"editor": {
		"allAngles": false,
		"entityTextureMode": false
	},
	"textureWidth": 16,
	"textureHeight": 16,
	"textureSizes": {
	},
	"textures": {
		"castiron": "block/castiron",
		"machinery": "block/machinery"
	},
	"elements": [
		{
			"name": "Main",
			"from": [ 1.0, 1.0, 1.0 ], 
			"to": [ 15.0, 7.0, 15.0 ], 
			"rotationOrigin": [ 1.0, 1.0, 1.0 ],
			"faces": {
				"north": { "texture": "#machinery", "uv": [ 0.0, 0.0, 14.0, 6.0 ] },
				"east": { "texture": "#machinery", "uv": [ 0.0, 0.0, 14.0, 6.0 ] },
				"south": { "texture": "#machinery", "uv": [ 0.0, 0.0, 14.0, 6.0 ] },
				"west": { "texture": "#machinery", "uv": [ 0.0, 0.0, 14.0, 6.0 ] },
				"up": { "texture": "#machinery", "uv": [ 0.0, 0.0, 14.0, 14.0 ] },
				"down": { "texture": "#machinery", "uv": [ 0.0, 0.0, 14.0, 14.0 ] }
			},
			"children": [
				{
					"name": "wire",
					"from": [ -1.0, 0.0, 5.0 ], 
					"to": [ 0.0, 7.0, 6.0 ], 
					"rotationOrigin": [ -1.0, 0.0, 5.0 ],
					"faces": {
						"north": { "texture": "#castiron", "uv": [ 0.0, 0.0, 1.0, 7.0 ] },
						"east": { "texture": "#castiron", "uv": [ 0.0, 0.0, 1.0, 7.0 ] },
						"south": { "texture": "#castiron", "uv": [ 0.0, 0.0, 1.0, 7.0 ] },
						"west": { "texture": "#castiron", "uv": [ 0.0, 0.0, 1.0, 7.0 ] },
						"up": { "texture": "#castiron", "uv": [ 0.0, 0.0, 1.0, 1.0 ] },
						"down": { "texture": "#castiron", "uv": [ 0.0, 0.0, 1.0, 1.0 ] }
					}
				},
				{
					"name": "WIRE-2",
					"from": [ -1.0, 0.0, 8.0 ], 
					"to": [ 0.0, 7.0, 9.0 ], 
					"rotationOrigin": [ -1.0, 0.0, 8.0 ],
					"faces": {
						"north": { "texture": "#castiron", "uv": [ 0.0, 0.0, 1.0, 7.0 ] },
						"east": { "texture": "#castiron", "uv": [ 0.0, 0.0, 1.0, 7.0 ] },
						"south": { "texture": "#castiron", "uv": [ 0.0, 0.0, 1.0, 7.0 ] },
						"west": { "texture": "#castiron", "uv": [ 0.0, 0.0, 1.0, 7.0 ] },
						"up": { "texture": "#castiron", "uv": [ 0.0, 0.0, 1.0, 1.0 ] },
						"down": { "texture": "#castiron", "uv": [ 0.0, 0.0, 1.0, 1.0 ] }
					}
				}
			]
		},
		{
			"name": "Pillarne",
			"from": [ 15.0, 0.0, 0.0 ], 
			"to": [ 16.0, 9.0, 2.0 ], 
			"rotationOrigin": [ 15.0, 0.0, 0.0 ],
			"faces": {
				"north": { "texture": "#machinery", "uv": [ 0.0, 0.0, 1.0, 9.0 ] },
				"east": { "texture": "#machinery", "uv": [ 0.0, 0.0, 2.0, 9.0 ] },
				"south": { "texture": "#machinery", "uv": [ 0.0, 0.0, 1.0, 9.0 ] },
				"west": { "texture": "#machinery", "uv": [ 0.0, 0.0, 2.0, 9.0 ] },
				"up": { "texture": "#machinery", "uv": [ 0.0, 0.0, 1.0, 2.0 ] },
				"down": { "texture": "#machinery", "uv": [ 0.0, 0.0, 1.0, 2.0 ] }
			},
			"children": [
				{
					"name": "pillarses9",
					"from": [ -1.0, 0.0, 0.0 ], 
					"to": [ 0.0, 9.0, 1.0 ], 
					"rotationOrigin": [ -1.0, 0.0, 0.0 ],
					"faces": {
						"north": { "texture": "#machinery", "uv": [ 0.0, 0.0, 1.0, 9.0 ] },
						"east": { "texture": "#machinery", "uv": [ 0.0, 0.0, 1.0, 9.0 ] },
						"south": { "texture": "#machinery", "uv": [ 0.0, 0.0, 1.0, 9.0 ] },
						"west": { "texture": "#machinery", "uv": [ 0.0, 0.0, 1.0, 9.0 ] },
						"up": { "texture": "#machinery", "uv": [ 0.0, 0.0, 1.0, 1.0 ] },
						"down": { "texture": "#machinery", "uv": [ 0.0, 0.0, 1.0, 1.0 ] }
					}
				},
				{
					"name": "Pillarse",
					"from": [ 0.0, 0.0, 14.0 ], 
					"to": [ 1.0, 9.0, 16.0 ], 
					"rotationOrigin": [ 0.0, 0.0, 14.0 ],
					"faces": {
						"north": { "texture": "#machinery", "uv": [ 0.0, 0.0, 1.0, 9.0 ] },
						"east": { "texture": "#machinery", "uv": [ 0.0, 0.0, 2.0, 9.0 ] },
						"south": { "texture": "#machinery", "uv": [ 0.0, 0.0, 1.0, 9.0 ] },
						"west": { "texture": "#machinery", "uv": [ 0.0, 0.0, 2.0, 9.0 ] },
						"up": { "texture": "#machinery", "uv": [ 0.0, 0.0, 1.0, 2.0 ] },
						"down": { "texture": "#machinery", "uv": [ 0.0, 0.0, 1.0, 2.0 ] }
					},
					"children": [
						{
							"name": "pillarses",
							"from": [ -1.0, 0.0, 1.0 ], 
							"to": [ 0.0, 9.0, 2.0 ], 
							"rotationOrigin": [ -1.0, 0.0, 1.0 ],
							"faces": {
								"north": { "texture": "#machinery", "uv": [ 0.0, 0.0, 1.0, 9.0 ] },
								"east": { "texture": "#machinery", "uv": [ 0.0, 0.0, 1.0, 9.0 ] },
								"south": { "texture": "#machinery", "uv": [ 0.0, 0.0, 1.0, 9.0 ] },
								"west": { "texture": "#machinery", "uv": [ 0.0, 0.0, 1.0, 9.0 ] },
								"up": { "texture": "#machinery", "uv": [ 0.0, 0.0, 1.0, 1.0 ] },
								"down": { "texture": "#machinery", "uv": [ 0.0, 0.0, 1.0, 1.0 ] }
							}
						}
					]
				},
				{
					"name": "Pillarsw",
					"from": [ -15.0, 0.0, 14.0 ], 
					"to": [ -14.0, 9.0, 16.0 ], 
					"rotationOrigin": [ -15.0, 0.0, 14.0 ],
					"faces": {
						"north": { "texture": "#machinery", "uv": [ 0.0, 0.0, 1.0, 9.0 ] },
						"east": { "texture": "#machinery", "uv": [ 0.0, 0.0, 2.0, 9.0 ] },
						"south": { "texture": "#machinery", "uv": [ 0.0, 0.0, 1.0, 9.0 ] },
						"west": { "texture": "#machinery", "uv": [ 0.0, 0.0, 2.0, 9.0 ] },
						"up": { "texture": "#machinery", "uv": [ 0.0, 0.0, 1.0, 2.0 ] },
						"down": { "texture": "#machinery", "uv": [ 0.0, 0.0, 1.0, 2.0 ] }
					},
					"children": [
						{
							"name": "pillarsws",
							"from": [ 1.0, 0.0, 1.0 ], 
							"to": [ 2.0, 9.0, 2.0 ], 
							"rotationOrigin": [ 1.0, 0.0, 1.0 ],
							"faces": {
								"north": { "texture": "#machinery", "uv": [ 0.0, 0.0, 1.0, 9.0 ] },
								"east": { "texture": "#machinery", "uv": [ 0.0, 0.0, 1.0, 9.0 ] },
								"south": { "texture": "#machinery", "uv": [ 0.0, 0.0, 1.0, 9.0 ] },
								"west": { "texture": "#machinery", "uv": [ 0.0, 0.0, 1.0, 9.0 ] },
								"up": { "texture": "#machinery", "uv": [ 0.0, 0.0, 1.0, 1.0 ] },
								"down": { "texture": "#machinery", "uv": [ 0.0, 0.0, 1.0, 1.0 ] }
							}
						}
					]
				},
				{
					"name": "pillarnw",
					"from": [ -15.0, 0.0, 0.0 ], 
					"to": [ -14.0, 9.0, 2.0 ], 
					"rotationOrigin": [ -15.0, 0.0, 0.0 ],
					"faces": {
						"north": { "texture": "#machinery", "uv": [ 0.0, 0.0, 1.0, 9.0 ] },
						"east": { "texture": "#machinery", "uv": [ 0.0, 0.0, 2.0, 9.0 ] },
						"south": { "texture": "#machinery", "uv": [ 0.0, 0.0, 1.0, 9.0 ] },
						"west": { "texture": "#machinery", "uv": [ 0.0, 0.0, 2.0, 9.0 ] },
						"up": { "texture": "#machinery", "uv": [ 0.0, 0.0, 1.0, 2.0 ] },
						"down": { "texture": "#machinery", "uv": [ 0.0, 0.0, 1.0, 2.0 ] }
					},
					"children": [
						{
							"name": "Pillarnws",
							"from": [ 1.0, 0.0, 0.0 ], 
							"to": [ 2.0, 9.0, 1.0 ], 
							"rotationOrigin": [ 1.0, 0.0, 0.0 ],
							"faces": {
								"north": { "texture": "#machinery", "uv": [ 0.0, 0.0, 1.0, 9.0 ] },
								"east": { "texture": "#machinery", "uv": [ 0.0, 0.0, 1.0, 9.0 ] },
								"south": { "texture": "#machinery", "uv": [ 0.0, 0.0, 1.0, 9.0 ] },
								"west": { "texture": "#machinery", "uv": [ 0.0, 0.0, 1.0, 9.0 ] },
								"up": { "texture": "#machinery", "uv": [ 0.0, 0.0, 1.0, 1.0 ] },
								"down": { "texture": "#machinery", "uv": [ 0.0, 0.0, 1.0, 1.0 ] }
							}
						}
					]
				}
			]
		},
		{
			"name": "FrameN",
			"from": [ 0.0, 9.0, 0.0 ], 
			"to": [ 16.0, 10.0, 2.0 ], 
			"rotationOrigin": [ 0.0, 9.0, 0.0 ],
			"faces": {
				"north": { "texture": "#castiron", "uv": [ 0.0, 0.0, 16.0, 1.0 ] },
				"east": { "texture": "#castiron", "uv": [ 0.0, 0.0, 2.0, 1.0 ] },
				"south": { "texture": "#castiron", "uv": [ 0.0, 0.0, 16.0, 1.0 ] },
				"west": { "texture": "#castiron", "uv": [ 0.0, 0.0, 2.0, 1.0 ] },
				"up": { "texture": "#castiron", "uv": [ 0.0, 0.0, 16.0, 2.0 ] },
				"down": { "texture": "#castiron", "uv": [ 0.0, 0.0, 16.0, 2.0 ] }
			},
			"children": [
				{
					"name": "FrameS",
					"from": [ 0.0, 0.0, 14.0 ], 
					"to": [ 16.0, 1.0, 16.0 ], 
					"rotationOrigin": [ 0.0, 0.0, 14.0 ],
					"faces": {
						"north": { "texture": "#castiron", "uv": [ 0.0, 0.0, 16.0, 1.0 ] },
						"east": { "texture": "#castiron", "uv": [ 0.0, 0.0, 2.0, 1.0 ] },
						"south": { "texture": "#castiron", "uv": [ 0.0, 0.0, 16.0, 1.0 ] },
						"west": { "texture": "#castiron", "uv": [ 0.0, 0.0, 2.0, 1.0 ] },
						"up": { "texture": "#castiron", "uv": [ 0.0, 0.0, 16.0, 2.0 ] },
						"down": { "texture": "#castiron", "uv": [ 0.0, 0.0, 16.0, 2.0 ] }
					}
				},
				{
					"name": "FrameW",
					"from": [ 0.0, 0.0, 2.0 ], 
					"to": [ 2.0, 1.0, 14.0 ], 
					"rotationOrigin": [ -1.0, 0.0, 2.0 ],
					"faces": {
						"north": { "texture": "#castiron", "uv": [ 0.0, 0.0, 2.0, 1.0 ] },
						"east": { "texture": "#castiron", "uv": [ 0.0, 0.0, 12.0, 1.0 ] },
						"south": { "texture": "#castiron", "uv": [ 0.0, 0.0, 2.0, 1.0 ] },
						"west": { "texture": "#castiron", "uv": [ 0.0, 0.0, 12.0, 1.0 ] },
						"up": { "texture": "#castiron", "uv": [ 0.0, 0.0, 2.0, 12.0 ] },
						"down": { "texture": "#castiron", "uv": [ 0.0, 0.0, 2.0, 12.0 ] }
					}
				},
				{
					"name": "FrameE",
					"from": [ 14.0, 0.0, 2.0 ], 
					"to": [ 16.0, 1.0, 14.0 ], 
					"rotationOrigin": [ 13.0, 0.0, 2.0 ],
					"faces": {
						"north": { "texture": "#castiron", "uv": [ 0.0, 0.0, 2.0, 1.0 ] },
						"east": { "texture": "#castiron", "uv": [ 0.0, 0.0, 12.0, 1.0 ] },
						"south": { "texture": "#castiron", "uv": [ 0.0, 0.0, 2.0, 1.0 ] },
						"west": { "texture": "#castiron", "uv": [ 0.0, 0.0, 12.0, 1.0 ] },
						"up": { "texture": "#castiron", "uv": [ 0.0, 0.0, 2.0, 12.0 ] },
						"down": { "texture": "#castiron", "uv": [ 0.0, 0.0, 2.0, 12.0 ] }
					}
				},
				{
					"name": "Grill Bar",
					"from": [ 0.0, 1.0, 0.0 ], 
					"to": [ 1.0, 2.0, 16.0 ], 
					"rotationOrigin": [ -1.0, 1.0, 0.0 ],
					"faces": {
						"north": { "texture": "#castiron", "uv": [ 0.0, 0.0, 1.0, 1.0 ] },
						"east": { "texture": "#castiron", "uv": [ 0.0, 0.0, 16.0, 1.0 ] },
						"south": { "texture": "#castiron", "uv": [ 0.0, 0.0, 1.0, 1.0 ] },
						"west": { "texture": "#castiron", "uv": [ 0.0, 0.0, 16.0, 1.0 ] },
						"up": { "texture": "#castiron", "uv": [ 0.0, 0.0, 1.0, 16.0 ] },
						"down": { "texture": "#castiron", "uv": [ 0.0, 0.0, 1.0, 16.0 ] }
					},
					"children": [
						{
							"name": "Grill Bar15",
							"from": [ 2.0, 0.0, 0.0 ], 
							"to": [ 3.0, 1.0, 16.0 ], 
							"rotationOrigin": [ 1.0, 0.0, 0.0 ],
							"faces": {
								"north": { "texture": "#castiron", "uv": [ 0.0, 0.0, 1.0, 1.0 ] },
								"east": { "texture": "#castiron", "uv": [ 0.0, 0.0, 16.0, 1.0 ] },
								"south": { "texture": "#castiron", "uv": [ 0.0, 0.0, 1.0, 1.0 ] },
								"west": { "texture": "#castiron", "uv": [ 0.0, 0.0, 16.0, 1.0 ] },
								"up": { "texture": "#castiron", "uv": [ 0.0, 0.0, 1.0, 16.0 ] },
								"down": { "texture": "#castiron", "uv": [ 0.0, 0.0, 1.0, 16.0 ] }
							}
						},
						{
							"name": "Grill Bar16",
							"from": [ 4.0, 0.0, 0.0 ], 
							"to": [ 5.0, 1.0, 16.0 ], 
							"rotationOrigin": [ 3.0, 0.0, 0.0 ],
							"faces": {
								"north": { "texture": "#castiron", "uv": [ 0.0, 0.0, 1.0, 1.0 ] },
								"east": { "texture": "#castiron", "uv": [ 0.0, 0.0, 16.0, 1.0 ] },
								"south": { "texture": "#castiron", "uv": [ 0.0, 0.0, 1.0, 1.0 ] },
								"west": { "texture": "#castiron", "uv": [ 0.0, 0.0, 16.0, 1.0 ] },
								"up": { "texture": "#castiron", "uv": [ 0.0, 0.0, 1.0, 16.0 ] },
								"down": { "texture": "#castiron", "uv": [ 0.0, 0.0, 1.0, 16.0 ] }
							}
						},
						{
							"name": "Grill Bar17",
							"from": [ 6.0, 0.0, 0.0 ], 
							"to": [ 7.0, 1.0, 16.0 ], 
							"rotationOrigin": [ 5.0, 0.0, 0.0 ],
							"faces": {
								"north": { "texture": "#castiron", "uv": [ 0.0, 0.0, 1.0, 1.0 ] },
								"east": { "texture": "#castiron", "uv": [ 0.0, 0.0, 16.0, 1.0 ] },
								"south": { "texture": "#castiron", "uv": [ 0.0, 0.0, 1.0, 1.0 ] },
								"west": { "texture": "#castiron", "uv": [ 0.0, 0.0, 16.0, 1.0 ] },
								"up": { "texture": "#castiron", "uv": [ 0.0, 0.0, 1.0, 16.0 ] },
								"down": { "texture": "#castiron", "uv": [ 0.0, 0.0, 1.0, 16.0 ] }
							}
						},
						{
							"name": "Grill Bar18",
							"from": [ 9.0, 0.0, 0.0 ], 
							"to": [ 10.0, 1.0, 16.0 ], 
							"rotationOrigin": [ 8.0, 0.0, 0.0 ],
							"faces": {
								"north": { "texture": "#castiron", "uv": [ 0.0, 0.0, 1.0, 1.0 ] },
								"east": { "texture": "#castiron", "uv": [ 0.0, 0.0, 16.0, 1.0 ] },
								"south": { "texture": "#castiron", "uv": [ 0.0, 0.0, 1.0, 1.0 ] },
								"west": { "texture": "#castiron", "uv": [ 0.0, 0.0, 16.0, 1.0 ] },
								"up": { "texture": "#castiron", "uv": [ 0.0, 0.0, 1.0, 16.0 ] },
								"down": { "texture": "#castiron", "uv": [ 0.0, 0.0, 1.0, 16.0 ] }
							}
						},
						{
							"name": "Grill Bar19",
							"from": [ 11.0, 0.0, 0.0 ], 
							"to": [ 12.0, 1.0, 16.0 ], 
							"rotationOrigin": [ 10.0, 0.0, 0.0 ],
							"faces": {
								"north": { "texture": "#castiron", "uv": [ 0.0, 0.0, 1.0, 1.0 ] },
								"east": { "texture": "#castiron", "uv": [ 0.0, 0.0, 16.0, 1.0 ] },
								"south": { "texture": "#castiron", "uv": [ 0.0, 0.0, 1.0, 1.0 ] },
								"west": { "texture": "#castiron", "uv": [ 0.0, 0.0, 16.0, 1.0 ] },
								"up": { "texture": "#castiron", "uv": [ 0.0, 0.0, 1.0, 16.0 ] },
								"down": { "texture": "#castiron", "uv": [ 0.0, 0.0, 1.0, 16.0 ] }
							}
						},
						{
							"name": "Grill Bar20",
							"from": [ 13.0, 0.0, 0.0 ], 
							"to": [ 14.0, 1.0, 16.0 ], 
							"rotationOrigin": [ 12.0, 0.0, 0.0 ],
							"faces": {
								"north": { "texture": "#castiron", "uv": [ 0.0, 0.0, 1.0, 1.0 ] },
								"east": { "texture": "#castiron", "uv": [ 0.0, 0.0, 16.0, 1.0 ] },
								"south": { "texture": "#castiron", "uv": [ 0.0, 0.0, 1.0, 1.0 ] },
								"west": { "texture": "#castiron", "uv": [ 0.0, 0.0, 16.0, 1.0 ] },
								"up": { "texture": "#castiron", "uv": [ 0.0, 0.0, 1.0, 16.0 ] },
								"down": { "texture": "#castiron", "uv": [ 0.0, 0.0, 1.0, 16.0 ] }
							}
						},
						{
							"name": "Grill Bar21",
							"from": [ 15.0, 0.0, 0.0 ], 
							"to": [ 16.0, 1.0, 16.0 ], 
							"rotationOrigin": [ 14.0, 0.0, 0.0 ],
							"faces": {
								"north": { "texture": "#castiron", "uv": [ 0.0, 0.0, 1.0, 1.0 ] },
								"east": { "texture": "#castiron", "uv": [ 0.0, 0.0, 16.0, 1.0 ] },
								"south": { "texture": "#castiron", "uv": [ 0.0, 0.0, 1.0, 1.0 ] },
								"west": { "texture": "#castiron", "uv": [ 0.0, 0.0, 16.0, 1.0 ] },
								"up": { "texture": "#castiron", "uv": [ 0.0, 0.0, 1.0, 16.0 ] },
								"down": { "texture": "#castiron", "uv": [ 0.0, 0.0, 1.0, 16.0 ] }
							}
						}
					]
				}
			]
		}
	]}