{
	"editor": {
		"allAngles": false,
		"entityTextureMode": false
	},
	"textureWidth": 16,
	"textureHeight": 16,
	"textureSizes": {
	},
	"textures": {
		"castiron": "block/castiron",
		"oak1": "block/oak1"
	},
	"elements": [
		{
			"name": "Base",
			"from": [ 0.0, 0.0, 0.0 ], 
			"to": [ 16.0, 1.0, 16.0 ], 
			"faces": {
				"north": { "texture": "#oak1", "uv": [ 0.0, 0.0, 16.0, 1.0 ] },
				"east": { "texture": "#oak1", "uv": [ 0.0, 0.0, 16.0, 1.0 ] },
				"south": { "texture": "#oak1", "uv": [ 0.0, 0.0, 16.0, 1.0 ] },
				"west": { "texture": "#oak1", "uv": [ 0.0, 0.0, 16.0, 1.0 ] },
				"up": { "texture": "#oak1", "uv": [ 0.0, 0.0, 16.0, 16.0 ] },
				"down": { "texture": "#oak1", "uv": [ 0.0, 0.0, 16.0, 16.0 ] }
			}
		},
		{
			"name": "Base5",
			"from": [ 5.0, 1.0, 5.0 ], 
			"to": [ 11.0, 3.0, 11.0 ], 
			"rotationOrigin": [ 5.0, 1.0, 5.0 ],
			"faces": {
				"north": { "texture": "#oak1", "uv": [ 0.0, 0.0, 6.0, 2.0 ] },
				"east": { "texture": "#oak1", "uv": [ 0.0, 0.0, 6.0, 2.0 ] },
				"south": { "texture": "#oak1", "uv": [ 0.0, 0.0, 6.0, 2.0 ] },
				"west": { "texture": "#oak1", "uv": [ 0.0, 0.0, 6.0, 2.0 ] },
				"up": { "texture": "#oak1", "uv": [ 0.0, 0.0, 6.0, 6.0 ] },
				"down": { "texture": "#oak1", "uv": [ 0.0, 0.0, 6.0, 6.0 ] }
			}
		},
		{
			"name": "STermP",
			"from": [ 6.0, 1.0, 11.0 ], 
			"to": [ 7.0, 2.0, 16.0 ], 
			"rotationOrigin": [ 6.0, 1.0, 11.0 ],
			"faces": {
				"north": { "texture": "#castiron", "uv": [ 0.0, 0.0, 1.0, 1.0 ] },
				"east": { "texture": "#castiron", "uv": [ 0.0, 0.0, 5.0, 1.0 ] },
				"south": { "texture": "#castiron", "uv": [ 0.0, 0.0, 1.0, 1.0 ] },
				"west": { "texture": "#castiron", "uv": [ 0.0, 0.0, 5.0, 1.0 ] },
				"up": { "texture": "#castiron", "uv": [ 0.0, 0.0, 1.0, 5.0 ] },
				"down": { "texture": "#castiron", "uv": [ 0.0, 0.0, 1.0, 5.0 ] }
			},
			"children": [
				{
					"name": "STermN",
					"from": [ 3.0, 0.0, 0.0 ], 
					"to": [ 4.0, 1.0, 5.0 ], 
					"rotationOrigin": [ 3.0, 0.0, 0.0 ],
					"faces": {
						"north": { "texture": "#castiron", "uv": [ 0.0, 0.0, 1.0, 1.0 ] },
						"east": { "texture": "#castiron", "uv": [ 0.0, 0.0, 5.0, 1.0 ] },
						"south": { "texture": "#castiron", "uv": [ 0.0, 0.0, 1.0, 1.0 ] },
						"west": { "texture": "#castiron", "uv": [ 0.0, 0.0, 5.0, 1.0 ] },
						"up": { "texture": "#castiron", "uv": [ 0.0, 0.0, 1.0, 5.0 ] },
						"down": { "texture": "#castiron", "uv": [ 0.0, 0.0, 1.0, 5.0 ] }
					}
				}
			]
		},
		{
			"name": "ETermP",
			"from": [ 11.0, 1.0, 10.0 ], 
			"to": [ 12.0, 2.0, 15.0 ], 
			"rotationOrigin": [ 11.0, 1.0, 10.0 ],
			"rotationY": 90.0,
			"faces": {
				"north": { "texture": "#castiron", "uv": [ 0.0, 0.0, 1.0, 1.0 ] },
				"east": { "texture": "#castiron", "uv": [ 0.0, 0.0, 5.0, 1.0 ] },
				"south": { "texture": "#castiron", "uv": [ 0.0, 0.0, 1.0, 1.0 ] },
				"west": { "texture": "#castiron", "uv": [ 0.0, 0.0, 5.0, 1.0 ] },
				"up": { "texture": "#castiron", "uv": [ 0.0, 0.0, 1.0, 5.0 ] },
				"down": { "texture": "#castiron", "uv": [ 0.0, 0.0, 1.0, 5.0 ] }
			},
			"children": [
				{
					"name": "ETermN",
					"from": [ 3.0, 0.0, 0.0 ], 
					"to": [ 4.0, 1.0, 5.0 ], 
					"rotationOrigin": [ 3.0, 0.0, 0.0 ],
					"faces": {
						"north": { "texture": "#castiron", "uv": [ 0.0, 0.0, 1.0, 1.0 ] },
						"east": { "texture": "#castiron", "uv": [ 0.0, 0.0, 5.0, 1.0 ] },
						"south": { "texture": "#castiron", "uv": [ 0.0, 0.0, 1.0, 1.0 ] },
						"west": { "texture": "#castiron", "uv": [ 0.0, 0.0, 5.0, 1.0 ] },
						"up": { "texture": "#castiron", "uv": [ 0.0, 0.0, 1.0, 5.0 ] },
						"down": { "texture": "#castiron", "uv": [ 0.0, 0.0, 1.0, 5.0 ] }
					}
				}
			]
		},
		{
			"name": "NTermP",
			"from": [ 6.0, 1.0, 0.0 ], 
			"to": [ 7.0, 2.0, 5.0 ], 
			"rotationOrigin": [ 6.0, 1.0, 0.0 ],
			"faces": {
				"north": { "texture": "#castiron", "uv": [ 0.0, 0.0, 1.0, 1.0 ] },
				"east": { "texture": "#castiron", "uv": [ 0.0, 0.0, 5.0, 1.0 ] },
				"south": { "texture": "#castiron", "uv": [ 0.0, 0.0, 1.0, 1.0 ] },
				"west": { "texture": "#castiron", "uv": [ 0.0, 0.0, 5.0, 1.0 ] },
				"up": { "texture": "#castiron", "uv": [ 0.0, 0.0, 1.0, 5.0 ] },
				"down": { "texture": "#castiron", "uv": [ 0.0, 0.0, 1.0, 5.0 ] }
			},
			"children": [
				{
					"name": "NTermN",
					"from": [ 3.0, 0.0, 0.0 ], 
					"to": [ 4.0, 1.0, 5.0 ], 
					"rotationOrigin": [ 3.0, 0.0, 0.0 ],
					"faces": {
						"north": { "texture": "#castiron", "uv": [ 0.0, 0.0, 1.0, 1.0 ] },
						"east": { "texture": "#castiron", "uv": [ 0.0, 0.0, 5.0, 1.0 ] },
						"south": { "texture": "#castiron", "uv": [ 0.0, 0.0, 1.0, 1.0 ] },
						"west": { "texture": "#castiron", "uv": [ 0.0, 0.0, 5.0, 1.0 ] },
						"up": { "texture": "#castiron", "uv": [ 0.0, 0.0, 1.0, 5.0 ] },
						"down": { "texture": "#castiron", "uv": [ 0.0, 0.0, 1.0, 5.0 ] }
					}
				}
			]
		},
		{
			"name": "WTermP",
			"from": [ 0.0, 1.0, 10.0 ], 
			"to": [ 1.0, 2.0, 15.0 ], 
			"rotationOrigin": [ 0.0, 1.0, 10.0 ],
			"rotationY": 90.0,
			"faces": {
				"north": { "texture": "#castiron", "uv": [ 0.0, 0.0, 1.0, 1.0 ] },
				"east": { "texture": "#castiron", "uv": [ 0.0, 0.0, 5.0, 1.0 ] },
				"south": { "texture": "#castiron", "uv": [ 0.0, 0.0, 1.0, 1.0 ] },
				"west": { "texture": "#castiron", "uv": [ 0.0, 0.0, 5.0, 1.0 ] },
				"up": { "texture": "#castiron", "uv": [ 0.0, 0.0, 1.0, 5.0 ] },
				"down": { "texture": "#castiron", "uv": [ 0.0, 0.0, 1.0, 5.0 ] }
			},
			"children": [
				{
					"name": "WTermN",
					"from": [ 3.0, 0.0, 0.0 ], 
					"to": [ 4.0, 1.0, 5.0 ], 
					"rotationOrigin": [ 3.0, 0.0, 0.0 ],
					"faces": {
						"north": { "texture": "#castiron", "uv": [ 0.0, 0.0, 1.0, 1.0 ] },
						"east": { "texture": "#castiron", "uv": [ 0.0, 0.0, 5.0, 1.0 ] },
						"south": { "texture": "#castiron", "uv": [ 0.0, 0.0, 1.0, 1.0 ] },
						"west": { "texture": "#castiron", "uv": [ 0.0, 0.0, 5.0, 1.0 ] },
						"up": { "texture": "#castiron", "uv": [ 0.0, 0.0, 1.0, 5.0 ] },
						"down": { "texture": "#castiron", "uv": [ 0.0, 0.0, 1.0, 5.0 ] }
					}
				}
			]
		}
	]}