{
	code: "screwdriverhead",
	creativeinventory: {
		"general": ["*"],
		"qptech": [ "*" ]
	},
	drawtype: "json",
	shape: { base: "item/tool/screwdriverhead" },
	
	variantgroups: [
		{ code: "material", states: ["copper", "tinbronze", "bismuthbronze", "blackbronze", "iron", "meteoriciron", "steel" ] },
	],
	
	creativeinventory: { "general": ["*"], "items": ["*"], "tools": ["*"] },
	textures: {
		metal: { base: "game:block/metal/ingot/{material}" }
	},
	guiTransform: {
		translation: { x: 0, y: 0, z: 0 },
		rotation: { x: 9, y: 137, z: -53 },
		origin: { x: 0.44, y: 0, z: 0.38 },
		scale: 2.92
	},
	fpHandTransform: {
		translation: { x: -0.1, y: 0.2, z: 0 },
		rotation: { x: 90, y: 99, z: -42 },
		origin: { x: 0.5, y: 0, z: 0.5 },
		scale: 2.15
	},
	groundTransform: {
		translation: { x: 0, y: 0, z: 0 },
		rotation: { x: 0, y: 0, z: 0 },
		origin: { x: 0.5, y: 0, z: 0.5 },
		scale: 4.31
	},
	tpHandTransform: {
		translation: { x: -0.78, y: -0.09, z: -0.67 },
		rotation: { x: 9, y: -1, z: -16 },
		origin: { x: 0.5, y: 0, z: 0.5 },
		scale: 0.76
	},

}