{
	ingredientPattern: "MTS	IBI	RP_",
	ingredients: {
		"T": { type: "item", code: "screwdriver-*", isTool: true },
		"P": {
			"type": "block",
			"code": "wireplate-tin-2a-cross",
			"quantity": 1
		},
		"B": { type: "block", code: "machineryblock", quantity: 1},
		"M": { type: "item", code: "motor-primitive", quantity: 1},
		"S": { type: "item", code: "screw-brass", quantity: 4},
		"I": { "type":  "item", "code": "game:metalplate-iron","quantity": 2},
		"R": { "type":  "item", "code": "rod-brass","quantity": 4},
		
	},
	width: 3,
	height: 3,
	output: { type: "block", code: "metalpress-lvbender-east", quantity: 1  }
}