{
	ingredientPattern: "SXS	MBM	SPS",
	ingredients: {
		"T": {
			"type": "item",
			"code": "screwdriver-*",
			"isTool": true
		},
		"P": {
			"type": "block",
			"code": "wireplate-tin-2a-cross",
			"quantity": 1
		},
		"B": {
			"type": "block",
			"code": "machineryblock",
			"quantity": 1
		},
		"X": {
			"type": "block",
			"code": "game:barrel",
			"quantity": 1
		},
		"M": {
			"type": "item",
			"code": "motor-primitive",
			"quantity": 2
		},
		"S": {
			"type": "item",
			"code": "screw-brass",
			"quantity": 1
		}
	},
	width: 3,
	height: 3,
	output: { type: "block", code: "washplant-lv-east", quantity: 1  }
}