[
	{
		"ingredientPattern": "SPH,LPG,LPG",
		"ingredients": {
			"P": {
				"type": "item",
				"code": "game:plank-*",
				"quantity": 1
			},
			"L": {
				"type": "item",
				"code": "game:shingle-burned-*",
				"name": "type",
				"allowedVariants": [ "blue" ],
				"quantity": 2
			},
			"G": {
				"type": "item",
				"code": "game:stonebrick-*",
				"name": "rock",
				"allowedVariants": [ "andesite", "chalk", "chert", "conglomerate", "limestone", "claystone", "granite", "sandstone", "shale", "basalt", "peridotite", "phyllite", "slate", "bauxite" ],
				"quantity": 1
			},
			"S": {
				"type": "item",
				"code": "game:saw-*",
				"isTool": true
			},
			"H": {
				"type": "item",
				"code": "game:hammer-*",
				"isTool": true
			}

		},
		"width": 3,
		"height": 3,
		"output": {
			"type": "block",
			"code": "roof-corner-{type}-{rock}-north-free",
			"quantity": 4
		}
	},
	{
		"ingredientPattern": "SPH,LPG,LPG",
		"ingredients": {
			"P": {
				"type": "item",
				"code": "game:plank-*",
				"quantity": 1
			},
			"L": {
				"type": "item",
				"code": "game:shingle-burned-*",
				"name": "type",
				"allowedVariants": [ "fire" ],
				"quantity": 2
			},
			"G": {
				"type": "item",
				"code": "game:stonebrick-*",
				"name": "rock",
				"allowedVariants": [ "andesite", "chalk", "chert", "conglomerate", "limestone", "claystone", "granite", "sandstone", "shale", "basalt", "peridotite", "phyllite", "slate", "bauxite" ],
				"quantity": 1
			},
			"S": {
				"type": "item",
				"code": "game:saw-*",
				"isTool": true
			},
			"H": {
				"type": "item",
				"code": "game:hammer-*",
				"isTool": true
			}

		},
		"width": 3,
		"height": 3,
		"output": {
			"type": "block",
			"code": "roof-corner-{type}-{rock}-north-free",
			"quantity": 4
		}
	}
]