{
	"editor": {
		"allAngles": false,
		"entityTextureMode": false
	},
	"textureWidth": 16,
	"textureHeight": 16,
	"textureSizes": {
	},
	"textures": {
		"castiron": "block/castiron",
		"shinybrass": "block/shinybrass",
		"machinery": "block/machinery"
	},
	"elements": [
		{
			"name": "Base",
			"from": [ 0.0, 0.0, 0.0 ], 
			"to": [ 16.0, 1.0, 16.0 ], 
			"faces": {
				"north": { "texture": "#machinery", "uv": [ 0.0, 0.0, 16.0, 1.0 ] },
				"east": { "texture": "#machinery", "uv": [ 0.0, 0.0, 16.0, 1.0 ] },
				"south": { "texture": "#machinery", "uv": [ 0.0, 0.0, 16.0, 1.0 ] },
				"west": { "texture": "#machinery", "uv": [ 0.0, 0.0, 16.0, 1.0 ] },
				"up": { "texture": "#machinery", "uv": [ 0.0, 0.0, 16.0, 16.0 ] },
				"down": { "texture": "#machinery", "uv": [ 0.0, 0.0, 16.0, 16.0 ] }
			}
		},
		{
			"name": "Support",
			"from": [ 4.0, 1.0, 4.0 ], 
			"to": [ 5.0, 16.0, 5.0 ], 
			"rotationOrigin": [ 4.0, 1.0, 4.0 ],
			"faces": {
				"north": { "texture": "#machinery", "uv": [ 0.0, 0.0, 1.0, 15.0 ] },
				"east": { "texture": "#machinery", "uv": [ 0.0, 0.0, 1.0, 15.0 ] },
				"south": { "texture": "#machinery", "uv": [ 0.0, 0.0, 1.0, 15.0 ] },
				"west": { "texture": "#machinery", "uv": [ 0.0, 0.0, 1.0, 15.0 ] },
				"up": { "texture": "#machinery", "uv": [ 0.0, 0.0, 1.0, 1.0 ] },
				"down": { "texture": "#machinery", "uv": [ 0.0, 0.0, 1.0, 1.0 ] }
			}
		},
		{
			"name": "BatteryDisc",
			"from": [ 5.0, 1.0, 5.0 ], 
			"to": [ 11.0, 2.0, 11.0 ], 
			"rotationOrigin": [ 5.0, 1.0, 5.0 ],
			"faces": {
				"north": { "texture": "#castiron", "uv": [ 0.0, 0.0, 6.0, 1.0 ] },
				"east": { "texture": "#castiron", "uv": [ 0.0, 0.0, 6.0, 1.0 ] },
				"south": { "texture": "#castiron", "uv": [ 0.0, 0.0, 6.0, 1.0 ] },
				"west": { "texture": "#castiron", "uv": [ 0.0, 0.0, 6.0, 1.0 ] },
				"up": { "texture": "#castiron", "uv": [ 0.0, 0.0, 6.0, 6.0 ] },
				"down": { "texture": "#castiron", "uv": [ 0.0, 0.0, 6.0, 6.0 ] }
			}
		},
		{
			"name": "Support4",
			"from": [ 11.0, 1.0, 4.0 ], 
			"to": [ 12.0, 16.0, 5.0 ], 
			"rotationOrigin": [ 11.0, 1.0, 4.0 ],
			"faces": {
				"north": { "texture": "#machinery", "uv": [ 0.0, 0.0, 1.0, 15.0 ] },
				"east": { "texture": "#machinery", "uv": [ 0.0, 0.0, 1.0, 15.0 ] },
				"south": { "texture": "#machinery", "uv": [ 0.0, 0.0, 1.0, 15.0 ] },
				"west": { "texture": "#machinery", "uv": [ 0.0, 0.0, 1.0, 15.0 ] },
				"up": { "texture": "#machinery", "uv": [ 0.0, 0.0, 1.0, 1.0 ] },
				"down": { "texture": "#machinery", "uv": [ 0.0, 0.0, 1.0, 1.0 ] }
			}
		},
		{
			"name": "Support5",
			"from": [ 11.0, 1.0, 11.0 ], 
			"to": [ 12.0, 16.0, 12.0 ], 
			"rotationOrigin": [ 11.0, 1.0, 11.0 ],
			"faces": {
				"north": { "texture": "#machinery", "uv": [ 0.0, 0.0, 1.0, 15.0 ] },
				"east": { "texture": "#machinery", "uv": [ 0.0, 0.0, 1.0, 15.0 ] },
				"south": { "texture": "#machinery", "uv": [ 0.0, 0.0, 1.0, 15.0 ] },
				"west": { "texture": "#machinery", "uv": [ 0.0, 0.0, 1.0, 15.0 ] },
				"up": { "texture": "#machinery", "uv": [ 0.0, 0.0, 1.0, 1.0 ] },
				"down": { "texture": "#machinery", "uv": [ 0.0, 0.0, 1.0, 1.0 ] }
			}
		},
		{
			"name": "Support6",
			"from": [ 4.0, 1.0, 11.0 ], 
			"to": [ 5.0, 16.0, 12.0 ], 
			"rotationOrigin": [ 4.0, 1.0, 11.0 ],
			"faces": {
				"north": { "texture": "#machinery", "uv": [ 0.0, 0.0, 1.0, 15.0 ] },
				"east": { "texture": "#machinery", "uv": [ 0.0, 0.0, 1.0, 15.0 ] },
				"south": { "texture": "#machinery", "uv": [ 0.0, 0.0, 1.0, 15.0 ] },
				"west": { "texture": "#machinery", "uv": [ 0.0, 0.0, 1.0, 15.0 ] },
				"up": { "texture": "#machinery", "uv": [ 0.0, 0.0, 1.0, 1.0 ] },
				"down": { "texture": "#machinery", "uv": [ 0.0, 0.0, 1.0, 1.0 ] }
			}
		},
		{
			"name": "BatteryDisc7",
			"from": [ 5.0, 3.0, 5.0 ], 
			"to": [ 11.0, 4.0, 11.0 ], 
			"rotationOrigin": [ 5.0, 3.0, 5.0 ],
			"faces": {
				"north": { "texture": "#castiron", "uv": [ 0.0, 0.0, 6.0, 1.0 ] },
				"east": { "texture": "#castiron", "uv": [ 0.0, 0.0, 6.0, 1.0 ] },
				"south": { "texture": "#castiron", "uv": [ 0.0, 0.0, 6.0, 1.0 ] },
				"west": { "texture": "#castiron", "uv": [ 0.0, 0.0, 6.0, 1.0 ] },
				"up": { "texture": "#castiron", "uv": [ 0.0, 0.0, 6.0, 6.0 ] },
				"down": { "texture": "#castiron", "uv": [ 0.0, 0.0, 6.0, 6.0 ] }
			}
		},
		{
			"name": "BatteryDisc8",
			"from": [ 5.0, 5.0, 5.0 ], 
			"to": [ 11.0, 6.0, 11.0 ], 
			"rotationOrigin": [ 5.0, 5.0, 5.0 ],
			"faces": {
				"north": { "texture": "#castiron", "uv": [ 0.0, 0.0, 6.0, 1.0 ] },
				"east": { "texture": "#castiron", "uv": [ 0.0, 0.0, 6.0, 1.0 ] },
				"south": { "texture": "#castiron", "uv": [ 0.0, 0.0, 6.0, 1.0 ] },
				"west": { "texture": "#castiron", "uv": [ 0.0, 0.0, 6.0, 1.0 ] },
				"up": { "texture": "#castiron", "uv": [ 0.0, 0.0, 6.0, 6.0 ] },
				"down": { "texture": "#castiron", "uv": [ 0.0, 0.0, 6.0, 6.0 ] }
			}
		},
		{
			"name": "BatteryDisc9",
			"from": [ 5.0, 7.0, 5.0 ], 
			"to": [ 11.0, 8.0, 11.0 ], 
			"rotationOrigin": [ 5.0, 7.0, 5.0 ],
			"faces": {
				"north": { "texture": "#castiron", "uv": [ 0.0, 0.0, 6.0, 1.0 ] },
				"east": { "texture": "#castiron", "uv": [ 0.0, 0.0, 6.0, 1.0 ] },
				"south": { "texture": "#castiron", "uv": [ 0.0, 0.0, 6.0, 1.0 ] },
				"west": { "texture": "#castiron", "uv": [ 0.0, 0.0, 6.0, 1.0 ] },
				"up": { "texture": "#castiron", "uv": [ 0.0, 0.0, 6.0, 6.0 ] },
				"down": { "texture": "#castiron", "uv": [ 0.0, 0.0, 6.0, 6.0 ] }
			}
		},
		{
			"name": "BatteryDisc10",
			"from": [ 5.0, 9.0, 5.0 ], 
			"to": [ 11.0, 10.0, 11.0 ], 
			"rotationOrigin": [ 5.0, 9.0, 5.0 ],
			"faces": {
				"north": { "texture": "#castiron", "uv": [ 0.0, 0.0, 6.0, 1.0 ] },
				"east": { "texture": "#castiron", "uv": [ 0.0, 0.0, 6.0, 1.0 ] },
				"south": { "texture": "#castiron", "uv": [ 0.0, 0.0, 6.0, 1.0 ] },
				"west": { "texture": "#castiron", "uv": [ 0.0, 0.0, 6.0, 1.0 ] },
				"up": { "texture": "#castiron", "uv": [ 0.0, 0.0, 6.0, 6.0 ] },
				"down": { "texture": "#castiron", "uv": [ 0.0, 0.0, 6.0, 6.0 ] }
			}
		},
		{
			"name": "BatteryDisc11",
			"from": [ 5.0, 11.0, 5.0 ], 
			"to": [ 11.0, 12.0, 11.0 ], 
			"rotationOrigin": [ 5.0, 11.0, 5.0 ],
			"faces": {
				"north": { "texture": "#castiron", "uv": [ 0.0, 0.0, 6.0, 1.0 ] },
				"east": { "texture": "#castiron", "uv": [ 0.0, 0.0, 6.0, 1.0 ] },
				"south": { "texture": "#castiron", "uv": [ 0.0, 0.0, 6.0, 1.0 ] },
				"west": { "texture": "#castiron", "uv": [ 0.0, 0.0, 6.0, 1.0 ] },
				"up": { "texture": "#castiron", "uv": [ 0.0, 0.0, 6.0, 6.0 ] },
				"down": { "texture": "#castiron", "uv": [ 0.0, 0.0, 6.0, 6.0 ] }
			}
		},
		{
			"name": "BatteryDisc12",
			"from": [ 5.0, 13.0, 5.0 ], 
			"to": [ 11.0, 14.0, 11.0 ], 
			"rotationOrigin": [ 5.0, 13.0, 5.0 ],
			"faces": {
				"north": { "texture": "#castiron", "uv": [ 0.0, 0.0, 6.0, 1.0 ] },
				"east": { "texture": "#castiron", "uv": [ 0.0, 0.0, 6.0, 1.0 ] },
				"south": { "texture": "#castiron", "uv": [ 0.0, 0.0, 6.0, 1.0 ] },
				"west": { "texture": "#castiron", "uv": [ 0.0, 0.0, 6.0, 1.0 ] },
				"up": { "texture": "#castiron", "uv": [ 0.0, 0.0, 6.0, 6.0 ] },
				"down": { "texture": "#castiron", "uv": [ 0.0, 0.0, 6.0, 6.0 ] }
			}
		},
		{
			"name": "BatteryDisc13",
			"from": [ 5.0, 15.0, 5.0 ], 
			"to": [ 11.0, 16.0, 11.0 ], 
			"rotationOrigin": [ 5.0, 15.0, 5.0 ],
			"faces": {
				"north": { "texture": "#castiron", "uv": [ 0.0, 0.0, 6.0, 1.0 ] },
				"east": { "texture": "#castiron", "uv": [ 0.0, 0.0, 6.0, 1.0 ] },
				"south": { "texture": "#castiron", "uv": [ 0.0, 0.0, 6.0, 1.0 ] },
				"west": { "texture": "#castiron", "uv": [ 0.0, 0.0, 6.0, 1.0 ] },
				"up": { "texture": "#castiron", "uv": [ 0.0, 0.0, 6.0, 6.0 ] },
				"down": { "texture": "#castiron", "uv": [ 0.0, 0.0, 6.0, 6.0 ] }
			}
		},
		{
			"name": "BatteryDisc14",
			"from": [ 4.0, 2.0, 8.0 ], 
			"to": [ 10.0, 3.0, 14.0 ], 
			"rotationOrigin": [ 4.0, 2.0, 8.0 ],
			"rotationY": 45.0,
			"faces": {
				"north": { "texture": "#shinybrass", "uv": [ 0.0, 0.0, 6.0, 1.0 ] },
				"east": { "texture": "#shinybrass", "uv": [ 0.0, 0.0, 6.0, 1.0 ] },
				"south": { "texture": "#shinybrass", "uv": [ 0.0, 0.0, 6.0, 1.0 ] },
				"west": { "texture": "#shinybrass", "uv": [ 0.0, 0.0, 6.0, 1.0 ] },
				"up": { "texture": "#shinybrass", "uv": [ 0.0, 0.0, 6.0, 6.0 ] },
				"down": { "texture": "#shinybrass", "uv": [ 0.0, 0.0, 6.0, 6.0 ] }
			}
		},
		{
			"name": "BatteryDisc15",
			"from": [ 4.0, 4.0, 8.0 ], 
			"to": [ 10.0, 5.0, 14.0 ], 
			"rotationOrigin": [ 4.0, 4.0, 8.0 ],
			"rotationY": 45.0,
			"faces": {
				"north": { "texture": "#shinybrass", "uv": [ 0.0, 0.0, 6.0, 1.0 ] },
				"east": { "texture": "#shinybrass", "uv": [ 0.0, 0.0, 6.0, 1.0 ] },
				"south": { "texture": "#shinybrass", "uv": [ 0.0, 0.0, 6.0, 1.0 ] },
				"west": { "texture": "#shinybrass", "uv": [ 0.0, 0.0, 6.0, 1.0 ] },
				"up": { "texture": "#shinybrass", "uv": [ 0.0, 0.0, 6.0, 6.0 ] },
				"down": { "texture": "#shinybrass", "uv": [ 0.0, 0.0, 6.0, 6.0 ] }
			}
		},
		{
			"name": "BatteryDisc16",
			"from": [ 4.0, 6.0, 8.0 ], 
			"to": [ 10.0, 7.0, 14.0 ], 
			"rotationOrigin": [ 4.0, 6.0, 8.0 ],
			"rotationY": 45.0,
			"faces": {
				"north": { "texture": "#shinybrass", "uv": [ 0.0, 0.0, 6.0, 1.0 ] },
				"east": { "texture": "#shinybrass", "uv": [ 0.0, 0.0, 6.0, 1.0 ] },
				"south": { "texture": "#shinybrass", "uv": [ 0.0, 0.0, 6.0, 1.0 ] },
				"west": { "texture": "#shinybrass", "uv": [ 0.0, 0.0, 6.0, 1.0 ] },
				"up": { "texture": "#shinybrass", "uv": [ 0.0, 0.0, 6.0, 6.0 ] },
				"down": { "texture": "#shinybrass", "uv": [ 0.0, 0.0, 6.0, 6.0 ] }
			}
		},
		{
			"name": "BatteryDisc17",
			"from": [ 4.0, 8.0, 8.0 ], 
			"to": [ 10.0, 9.0, 14.0 ], 
			"rotationOrigin": [ 4.0, 8.0, 8.0 ],
			"rotationY": 45.0,
			"faces": {
				"north": { "texture": "#shinybrass", "uv": [ 0.0, 0.0, 6.0, 1.0 ] },
				"east": { "texture": "#shinybrass", "uv": [ 0.0, 0.0, 6.0, 1.0 ] },
				"south": { "texture": "#shinybrass", "uv": [ 0.0, 0.0, 6.0, 1.0 ] },
				"west": { "texture": "#shinybrass", "uv": [ 0.0, 0.0, 6.0, 1.0 ] },
				"up": { "texture": "#shinybrass", "uv": [ 0.0, 0.0, 6.0, 6.0 ] },
				"down": { "texture": "#shinybrass", "uv": [ 0.0, 0.0, 6.0, 6.0 ] }
			}
		},
		{
			"name": "BatteryDisc18",
			"from": [ 4.0, 10.0, 8.0 ], 
			"to": [ 10.0, 11.0, 14.0 ], 
			"rotationOrigin": [ 4.0, 10.0, 8.0 ],
			"rotationY": 45.0,
			"faces": {
				"north": { "texture": "#shinybrass", "uv": [ 0.0, 0.0, 6.0, 1.0 ] },
				"east": { "texture": "#shinybrass", "uv": [ 0.0, 0.0, 6.0, 1.0 ] },
				"south": { "texture": "#shinybrass", "uv": [ 0.0, 0.0, 6.0, 1.0 ] },
				"west": { "texture": "#shinybrass", "uv": [ 0.0, 0.0, 6.0, 1.0 ] },
				"up": { "texture": "#shinybrass", "uv": [ 0.0, 0.0, 6.0, 6.0 ] },
				"down": { "texture": "#shinybrass", "uv": [ 0.0, 0.0, 6.0, 6.0 ] }
			}
		},
		{
			"name": "BatteryDisc19",
			"from": [ 4.0, 12.0, 8.0 ], 
			"to": [ 10.0, 13.0, 14.0 ], 
			"rotationOrigin": [ 4.0, 12.0, 8.0 ],
			"rotationY": 45.0,
			"faces": {
				"north": { "texture": "#shinybrass", "uv": [ 0.0, 0.0, 6.0, 1.0 ] },
				"east": { "texture": "#shinybrass", "uv": [ 0.0, 0.0, 6.0, 1.0 ] },
				"south": { "texture": "#shinybrass", "uv": [ 0.0, 0.0, 6.0, 1.0 ] },
				"west": { "texture": "#shinybrass", "uv": [ 0.0, 0.0, 6.0, 1.0 ] },
				"up": { "texture": "#shinybrass", "uv": [ 0.0, 0.0, 6.0, 6.0 ] },
				"down": { "texture": "#shinybrass", "uv": [ 0.0, 0.0, 6.0, 6.0 ] }
			}
		},
		{
			"name": "BatteryDisc20",
			"from": [ 4.0, 14.0, 8.0 ], 
			"to": [ 10.0, 15.0, 14.0 ], 
			"rotationOrigin": [ 4.0, 14.0, 8.0 ],
			"rotationY": 45.0,
			"faces": {
				"north": { "texture": "#shinybrass", "uv": [ 0.0, 0.0, 6.0, 1.0 ] },
				"east": { "texture": "#shinybrass", "uv": [ 0.0, 0.0, 6.0, 1.0 ] },
				"south": { "texture": "#shinybrass", "uv": [ 0.0, 0.0, 6.0, 1.0 ] },
				"west": { "texture": "#shinybrass", "uv": [ 0.0, 0.0, 6.0, 1.0 ] },
				"up": { "texture": "#shinybrass", "uv": [ 0.0, 0.0, 6.0, 6.0 ] },
				"down": { "texture": "#shinybrass", "uv": [ 0.0, 0.0, 6.0, 6.0 ] }
			}
		},
		{
			"name": "TerminalW",
			"from": [ 0.0, 1.0, 6.0 ], 
			"to": [ 5.0, 2.0, 7.0 ], 
			"rotationOrigin": [ 0.0, 15.0, 6.0 ],
			"faces": {
				"north": { "texture": "#castiron", "uv": [ 0.0, 0.0, 5.0, 1.0 ] },
				"east": { "texture": "#castiron", "uv": [ 0.0, 0.0, 1.0, 1.0 ] },
				"south": { "texture": "#castiron", "uv": [ 0.0, 0.0, 5.0, 1.0 ] },
				"west": { "texture": "#castiron", "uv": [ 0.0, 0.0, 1.0, 1.0 ] },
				"up": { "texture": "#castiron", "uv": [ 0.0, 0.0, 5.0, 1.0 ] },
				"down": { "texture": "#castiron", "uv": [ 0.0, 0.0, 5.0, 1.0 ] }
			},
			"children": [
				{
					"name": "Terminal22",
					"from": [ 0.0, 0.0, 3.0 ], 
					"to": [ 5.0, 1.0, 4.0 ], 
					"rotationOrigin": [ 0.0, 14.0, 3.0 ],
					"faces": {
						"north": { "texture": "#castiron", "uv": [ 0.0, 0.0, 5.0, 1.0 ] },
						"east": { "texture": "#castiron", "uv": [ 0.0, 0.0, 1.0, 1.0 ] },
						"south": { "texture": "#castiron", "uv": [ 0.0, 0.0, 5.0, 1.0 ] },
						"west": { "texture": "#castiron", "uv": [ 0.0, 0.0, 1.0, 1.0 ] },
						"up": { "texture": "#castiron", "uv": [ 0.0, 0.0, 5.0, 1.0 ] },
						"down": { "texture": "#castiron", "uv": [ 0.0, 0.0, 5.0, 1.0 ] }
					}
				}
			]
		},
		{
			"name": "TerminalS",
			"from": [ 5.0, 1.0, 16.0 ], 
			"to": [ 10.0, 3.0, 18.0 ], 
			"rotationOrigin": [ 5.0, 15.0, 16.0 ],
			"rotationY": 90.0,
			"faces": {
				"north": { "texture": "#castiron", "uv": [ 0.0, 0.0, 5.0, 2.0 ] },
				"east": { "texture": "#castiron", "uv": [ 0.0, 0.0, 2.0, 2.0 ] },
				"south": { "texture": "#castiron", "uv": [ 0.0, 0.0, 5.0, 2.0 ] },
				"west": { "texture": "#castiron", "uv": [ 0.0, 0.0, 2.0, 2.0 ] },
				"up": { "texture": "#castiron", "uv": [ 0.0, 0.0, 5.0, 2.0 ] },
				"down": { "texture": "#castiron", "uv": [ 0.0, 0.0, 5.0, 2.0 ] }
			},
			"children": [
				{
					"name": "Terminal24",
					"from": [ 0.0, 0.0, 4.0 ], 
					"to": [ 5.0, 2.0, 6.0 ], 
					"rotationOrigin": [ 0.0, 14.0, 4.0 ],
					"faces": {
						"north": { "texture": "#castiron", "uv": [ 0.0, 0.0, 5.0, 2.0 ] },
						"east": { "texture": "#castiron", "uv": [ 0.0, 0.0, 2.0, 2.0 ] },
						"south": { "texture": "#castiron", "uv": [ 0.0, 0.0, 5.0, 2.0 ] },
						"west": { "texture": "#castiron", "uv": [ 0.0, 0.0, 2.0, 2.0 ] },
						"up": { "texture": "#castiron", "uv": [ 0.0, 0.0, 5.0, 2.0 ] },
						"down": { "texture": "#castiron", "uv": [ 0.0, 0.0, 5.0, 2.0 ] }
					}
				}
			]
		},
		{
			"name": "TerminalE",
			"from": [ 16.0, 1.0, 10.0 ], 
			"to": [ 21.0, 2.0, 11.0 ], 
			"rotationOrigin": [ 16.0, 15.0, 10.0 ],
			"rotationY": 180.0,
			"faces": {
				"north": { "texture": "#castiron", "uv": [ 0.0, 0.0, 5.0, 1.0 ] },
				"east": { "texture": "#castiron", "uv": [ 0.0, 0.0, 1.0, 1.0 ] },
				"south": { "texture": "#castiron", "uv": [ 0.0, 0.0, 5.0, 1.0 ] },
				"west": { "texture": "#castiron", "uv": [ 0.0, 0.0, 1.0, 1.0 ] },
				"up": { "texture": "#castiron", "uv": [ 0.0, 0.0, 5.0, 1.0 ] },
				"down": { "texture": "#castiron", "uv": [ 0.0, 0.0, 5.0, 1.0 ] }
			},
			"children": [
				{
					"name": "Terminal26",
					"from": [ 0.0, 0.0, 3.0 ], 
					"to": [ 5.0, 1.0, 4.0 ], 
					"rotationOrigin": [ 0.0, 14.0, 3.0 ],
					"faces": {
						"north": { "texture": "#castiron", "uv": [ 0.0, 0.0, 5.0, 1.0 ] },
						"east": { "texture": "#castiron", "uv": [ 0.0, 0.0, 1.0, 1.0 ] },
						"south": { "texture": "#castiron", "uv": [ 0.0, 0.0, 5.0, 1.0 ] },
						"west": { "texture": "#castiron", "uv": [ 0.0, 0.0, 1.0, 1.0 ] },
						"up": { "texture": "#castiron", "uv": [ 0.0, 0.0, 5.0, 1.0 ] },
						"down": { "texture": "#castiron", "uv": [ 0.0, 0.0, 5.0, 1.0 ] }
					}
				}
			]
		},
		{
			"name": "TerminalN",
			"from": [ 10.0, 1.0, 0.0 ], 
			"to": [ 15.0, 2.0, 1.0 ], 
			"rotationOrigin": [ 10.0, 15.0, 0.0 ],
			"rotationY": -90.0,
			"faces": {
				"north": { "texture": "#castiron", "uv": [ 0.0, 0.0, 5.0, 1.0 ] },
				"east": { "texture": "#castiron", "uv": [ 0.0, 0.0, 1.0, 1.0 ] },
				"south": { "texture": "#castiron", "uv": [ 0.0, 0.0, 5.0, 1.0 ] },
				"west": { "texture": "#castiron", "uv": [ 0.0, 0.0, 1.0, 1.0 ] },
				"up": { "texture": "#castiron", "uv": [ 0.0, 0.0, 5.0, 1.0 ] },
				"down": { "texture": "#castiron", "uv": [ 0.0, 0.0, 5.0, 1.0 ] }
			},
			"children": [
				{
					"name": "Terminal28",
					"from": [ 0.0, 0.0, 3.0 ], 
					"to": [ 5.0, 1.0, 4.0 ], 
					"rotationOrigin": [ 0.0, 14.0, 3.0 ],
					"faces": {
						"north": { "texture": "#castiron", "uv": [ 0.0, 0.0, 5.0, 1.0 ] },
						"east": { "texture": "#castiron", "uv": [ 0.0, 0.0, 1.0, 1.0 ] },
						"south": { "texture": "#castiron", "uv": [ 0.0, 0.0, 5.0, 1.0 ] },
						"west": { "texture": "#castiron", "uv": [ 0.0, 0.0, 1.0, 1.0 ] },
						"up": { "texture": "#castiron", "uv": [ 0.0, 0.0, 5.0, 1.0 ] },
						"down": { "texture": "#castiron", "uv": [ 0.0, 0.0, 5.0, 1.0 ] }
					}
				}
			]
		},
		{
			"name": "Input Plate",
			"from": [ 4.0, 0.0, 14.0 ], 
			"to": [ 12.0, 4.0, 15.0 ], 
			"rotationOrigin": [ 4.0, 0.0, 14.0 ],
			"faces": {
				"north": { "texture": "#machinery", "uv": [ 0.0, 0.0, 8.0, 4.0 ] },
				"east": { "texture": "#machinery", "uv": [ 0.0, 0.0, 1.0, 4.0 ] },
				"south": { "texture": "#machinery", "uv": [ 0.0, 0.0, 8.0, 4.0 ] },
				"west": { "texture": "#machinery", "uv": [ 0.0, 0.0, 1.0, 4.0 ] },
				"up": { "texture": "#machinery", "uv": [ 0.0, 0.0, 8.0, 1.0 ] },
				"down": { "texture": "#machinery", "uv": [ 0.0, 0.0, 8.0, 1.0 ] }
			}
		}
	]}