{
	"editor": {
		"allAngles": false,
		"entityTextureMode": false
	},
	"textureWidth": 16,
	"textureHeight": 16,
	"textureSizes": {
	},
	"textures": {
		"machinery-bighatch": "block/machinery-bighatch",
		"machinery": "block/machinery"
	},
	"elements": [
		{
			"name": "Cube6",
			"from": [ 11.0, 1.0, 5.0 ], 
			"to": [ 17.0, 2.0, 11.0 ], 
			"rotationOrigin": [ 11.0, 1.0, 5.0 ],
			"rotationZ": -179.9999851079241,
			"faces": {
				"north": { "texture": "#machinery", "uv": [ 0.0, 0.0, 6.0, 1.0 ] },
				"east": { "texture": "#machinery", "uv": [ 0.0, 0.0, 6.0, 1.0 ] },
				"south": { "texture": "#machinery", "uv": [ 0.0, 0.0, 6.0, 1.0 ] },
				"west": { "texture": "#machinery", "uv": [ 0.0, 0.0, 6.0, 1.0 ] },
				"up": { "texture": "#machinery", "uv": [ 0.0, 0.0, 6.0, 6.0 ] },
				"down": { "texture": "#machinery", "uv": [ 0.0, 0.0, 6.0, 6.0 ] }
			}
		},
		{
			"name": "Cube2",
			"from": [ 16.0, 16.0, 0.0 ], 
			"to": [ 32.0, 19.0, 16.0 ], 
			"rotationOrigin": [ 16.0, 16.0, 0.0 ],
			"rotationZ": -179.9999851079241,
			"faces": {
				"north": { "texture": "#machinery", "uv": [ 0.0, 0.0, 16.0, 3.0 ] },
				"east": { "texture": "#machinery", "uv": [ 0.0, 0.0, 16.0, 3.0 ] },
				"south": { "texture": "#machinery", "uv": [ 0.0, 0.0, 16.0, 3.0 ] },
				"west": { "texture": "#machinery", "uv": [ 0.0, 0.0, 16.0, 3.0 ] },
				"up": { "texture": "#machinery-bighatch", "uv": [ 0.0, 0.0, 16.0, 16.0 ] },
				"down": { "texture": "#machinery-bighatch", "uv": [ 0.0, 0.0, 16.0, 16.0 ] }
			}
		},
		{
			"name": "Cube3",
			"from": [ 13.0, 13.0, 3.0 ], 
			"to": [ 23.0, 16.0, 13.0 ], 
			"rotationOrigin": [ 13.0, 13.0, 3.0 ],
			"rotationZ": -179.9999851079241,
			"faces": {
				"north": { "texture": "#machinery", "uv": [ 0.0, 0.0, 10.0, 3.0 ] },
				"east": { "texture": "#machinery", "uv": [ 0.0, 0.0, 10.0, 3.0 ] },
				"south": { "texture": "#machinery", "uv": [ 0.0, 0.0, 10.0, 3.0 ] },
				"west": { "texture": "#machinery", "uv": [ 0.0, 0.0, 10.0, 3.0 ] },
				"up": { "texture": "#machinery-bighatch", "uv": [ 3.0, 3.0, 13.0, 13.0 ] },
				"down": { "texture": "#machinery-bighatch", "uv": [ 3.0, 3.0, 13.0, 13.0 ] }
			}
		},
		{
			"name": "Cube7",
			"from": [ 10.0, 10.0, 6.0 ], 
			"to": [ 14.0, 19.0, 10.0 ], 
			"rotationOrigin": [ 10.0, 10.0, 6.0 ],
			"rotationZ": -179.9999851079241,
			"faces": {
				"north": { "texture": "#machinery", "uv": [ 0.0, 0.0, 4.0, 9.0 ] },
				"east": { "texture": "#machinery", "uv": [ 0.0, 0.0, 4.0, 9.0 ] },
				"south": { "texture": "#machinery", "uv": [ 0.0, 0.0, 4.0, 9.0 ] },
				"west": { "texture": "#machinery", "uv": [ 0.0, 0.0, 4.0, 9.0 ] },
				"up": { "texture": "#machinery-bighatch", "uv": [ 3.0, 3.0, 7.0, 7.0 ] },
				"down": { "texture": "#machinery-bighatch", "uv": [ 3.0, 3.0, 7.0, 7.0 ] }
			}
		},
		{
			"name": "Cube11",
			"from": [ 10.0, 9.0, 0.0 ], 
			"to": [ 16.0, 12.0, 6.0 ], 
			"rotationOrigin": [ 8.0, 9.0, 3.0 ],
			"rotationY": 90.0,
			"rotationZ": -90.0,
			"faces": {
				"north": { "texture": "#machinery", "uv": [ 0.0, 0.0, 6.0, 3.0 ] },
				"east": { "texture": "#machinery", "uv": [ 0.0, 0.0, 6.0, 3.0 ] },
				"south": { "texture": "#machinery", "uv": [ 0.0, 0.0, 6.0, 3.0 ] },
				"west": { "texture": "#machinery", "uv": [ 0.0, 0.0, 6.0, 3.0 ] },
				"up": { "texture": "#machinery-bighatch", "uv": [ 3.0, 3.0, 9.0, 9.0 ] },
				"down": { "texture": "#machinery-bighatch", "uv": [ 3.0, 3.0, 9.0, 9.0 ] }
			},
			"children": [
				{
					"name": "Cube12",
					"from": [ -1.0, -3.0, 1.0 ], 
					"to": [ 3.0, 2.0, 5.0 ], 
					"rotationOrigin": [ -1.0, -3.0, 4.0 ],
					"rotationZ": -22.5,
					"faces": {
						"north": { "texture": "#machinery", "uv": [ 0.0, 0.0, 4.0, 5.0 ] },
						"east": { "texture": "#machinery", "uv": [ 0.0, 0.0, 4.0, 5.0 ] },
						"south": { "texture": "#machinery", "uv": [ 0.0, 0.0, 4.0, 5.0 ] },
						"west": { "texture": "#machinery", "uv": [ 0.0, 0.0, 4.0, 5.0 ] },
						"up": { "texture": "#machinery-bighatch", "uv": [ 3.0, 3.0, 7.0, 7.0 ] },
						"down": { "texture": "#machinery-bighatch", "uv": [ 3.0, 3.0, 7.0, 7.0 ] }
					}
				}
			]
		},
		{
			"name": "Cube8",
			"from": [ 5.0, 9.0, 5.0 ], 
			"to": [ 11.0, 12.0, 11.0 ], 
			"rotationOrigin": [ 3.0, 9.0, 8.0 ],
			"rotationY": 180.0,
			"rotationZ": -90.0,
			"faces": {
				"north": { "texture": "#machinery", "uv": [ 0.0, 0.0, 6.0, 3.0 ] },
				"east": { "texture": "#machinery", "uv": [ 0.0, 0.0, 6.0, 3.0 ] },
				"south": { "texture": "#machinery", "uv": [ 0.0, 0.0, 6.0, 3.0 ] },
				"west": { "texture": "#machinery", "uv": [ 0.0, 0.0, 6.0, 3.0 ] },
				"up": { "texture": "#machinery-bighatch", "uv": [ 3.0, 3.0, 9.0, 9.0 ] },
				"down": { "texture": "#machinery-bighatch", "uv": [ 3.0, 3.0, 9.0, 9.0 ] }
			},
			"children": [
				{
					"name": "Cube8",
					"from": [ -1.0, -3.0, 1.0 ], 
					"to": [ 3.0, 2.0, 5.0 ], 
					"rotationOrigin": [ -1.0, -3.0, 4.0 ],
					"rotationZ": -22.5,
					"faces": {
						"north": { "texture": "#machinery", "uv": [ 0.0, 0.0, 4.0, 5.0 ] },
						"east": { "texture": "#machinery", "uv": [ 0.0, 0.0, 4.0, 5.0 ] },
						"south": { "texture": "#machinery", "uv": [ 0.0, 0.0, 4.0, 5.0 ] },
						"west": { "texture": "#machinery", "uv": [ 0.0, 0.0, 4.0, 5.0 ] },
						"up": { "texture": "#machinery-bighatch", "uv": [ 3.0, 3.0, 7.0, 7.0 ] },
						"down": { "texture": "#machinery-bighatch", "uv": [ 3.0, 3.0, 7.0, 7.0 ] }
					}
				}
			]
		},
		{
			"name": "Cube9",
			"from": [ 15.0, 9.0, 5.0 ], 
			"to": [ 21.0, 12.0, 11.0 ], 
			"rotationOrigin": [ 13.0, 9.0, 8.0 ],
			"rotationZ": -90.0,
			"faces": {
				"north": { "texture": "#machinery", "uv": [ 0.0, 0.0, 6.0, 3.0 ] },
				"east": { "texture": "#machinery", "uv": [ 0.0, 0.0, 6.0, 3.0 ] },
				"south": { "texture": "#machinery", "uv": [ 0.0, 0.0, 6.0, 3.0 ] },
				"west": { "texture": "#machinery", "uv": [ 0.0, 0.0, 6.0, 3.0 ] },
				"up": { "texture": "#machinery-bighatch", "uv": [ 3.0, 3.0, 9.0, 9.0 ] },
				"down": { "texture": "#machinery-bighatch", "uv": [ 3.0, 3.0, 9.0, 9.0 ] }
			},
			"children": [
				{
					"name": "Cube10",
					"from": [ -1.0, -3.0, 1.0 ], 
					"to": [ 3.0, 2.0, 5.0 ], 
					"rotationOrigin": [ -1.0, -3.0, 4.0 ],
					"rotationZ": -22.5,
					"faces": {
						"north": { "texture": "#machinery", "uv": [ 0.0, 0.0, 4.0, 5.0 ] },
						"east": { "texture": "#machinery", "uv": [ 0.0, 0.0, 4.0, 5.0 ] },
						"south": { "texture": "#machinery", "uv": [ 0.0, 0.0, 4.0, 5.0 ] },
						"west": { "texture": "#machinery", "uv": [ 0.0, 0.0, 4.0, 5.0 ] },
						"up": { "texture": "#machinery-bighatch", "uv": [ 3.0, 3.0, 7.0, 7.0 ] },
						"down": { "texture": "#machinery-bighatch", "uv": [ 3.0, 3.0, 7.0, 7.0 ] }
					}
				}
			]
		},
		{
			"name": "Cube13",
			"from": [ 10.0, 9.0, 10.0 ], 
			"to": [ 16.0, 12.0, 16.0 ], 
			"rotationOrigin": [ 8.0, 9.0, 13.0 ],
			"rotationY": -90.0,
			"rotationZ": -90.0,
			"faces": {
				"north": { "texture": "#machinery", "uv": [ 0.0, 0.0, 6.0, 3.0 ] },
				"east": { "texture": "#machinery", "uv": [ 0.0, 0.0, 6.0, 3.0 ] },
				"south": { "texture": "#machinery", "uv": [ 0.0, 0.0, 6.0, 3.0 ] },
				"west": { "texture": "#machinery", "uv": [ 0.0, 0.0, 6.0, 3.0 ] },
				"up": { "texture": "#machinery-bighatch", "uv": [ 3.0, 3.0, 9.0, 9.0 ] },
				"down": { "texture": "#machinery-bighatch", "uv": [ 3.0, 3.0, 9.0, 9.0 ] }
			},
			"children": [
				{
					"name": "Cube13",
					"from": [ -1.0, -3.0, 1.0 ], 
					"to": [ 3.0, 2.0, 5.0 ], 
					"rotationOrigin": [ -1.0, -3.0, 4.0 ],
					"rotationZ": -22.5,
					"faces": {
						"north": { "texture": "#machinery", "uv": [ 0.0, 0.0, 4.0, 5.0 ] },
						"east": { "texture": "#machinery", "uv": [ 0.0, 0.0, 4.0, 5.0 ] },
						"south": { "texture": "#machinery", "uv": [ 0.0, 0.0, 4.0, 5.0 ] },
						"west": { "texture": "#machinery", "uv": [ 0.0, 0.0, 4.0, 5.0 ] },
						"up": { "texture": "#machinery-bighatch", "uv": [ 3.0, 3.0, 7.0, 7.0 ] },
						"down": { "texture": "#machinery-bighatch", "uv": [ 3.0, 3.0, 7.0, 7.0 ] }
					}
				}
			]
		}
	]}