{
	"editor": {
		"allAngles": false,
		"entityTextureMode": false
	},
	"textureWidth": 16,
	"textureHeight": 16,
	"textureSizes": {
	},
	"textures": {
		"machinery-grate": "block/machinery-grate",
		"machinery": "block/machinery"
	},
	"elements": [
		{
			"name": "Cube5",
			"from": [ 1.0, 9.0, 1.0 ], 
			"to": [ 15.0, 15.0, 15.0 ], 
			"rotationOrigin": [ 1.0, 9.0, 1.0 ],
			"faces": {
				"north": { "texture": "#machinery", "uv": [ 0.0, 0.0, 16.0, 10.0 ], "autoUv": false },
				"east": { "texture": "#machinery", "uv": [ 0.0, 0.0, 16.0, 10.0 ], "autoUv": false },
				"south": { "texture": "#machinery", "uv": [ 0.0, 0.0, 16.0, 10.0 ], "autoUv": false },
				"west": { "texture": "#machinery", "uv": [ 0.0, 0.0, 16.0, 10.0 ], "autoUv": false },
				"up": { "texture": "#null", "uv": [ 0.0, 2.0, 14.0, 16.0 ], "enabled": false },
				"down": { "texture": "#null", "uv": [ 0.0, 0.0, 14.0, 17.0 ], "enabled": false, "autoUv": false }
			},
			"children": [
				{
					"name": "Cube7",
					"from": [ 5.0, -4.0, -1.0 ], 
					"to": [ 9.0, 6.0, 1.0 ], 
					"rotationOrigin": [ 5.0, -4.0, -1.0 ],
					"faces": {
						"north": { "texture": "#machinery", "uv": [ 6.5, 5.5, 10.5, 15.5 ] },
						"east": { "texture": "#machinery", "uv": [ 8.5, 6.0, 10.5, 16.0 ] },
						"south": { "texture": "#machinery-grate", "uv": [ 6.0, 6.5, 10.0, 16.5 ], "enabled": false },
						"west": { "texture": "#machinery", "uv": [ 7.5, 5.5, 9.5, 15.5 ] },
						"up": { "texture": "#machinery", "uv": [ 6.5, 6.0, 10.5, 8.0 ] },
						"down": { "texture": "#machinery", "uv": [ 6.5, 7.5, 10.5, 9.5 ] }
					}
				},
				{
					"name": "Cube8",
					"from": [ 9.0, -4.0, 15.0 ], 
					"to": [ 13.0, 6.0, 17.0 ], 
					"rotationOrigin": [ 9.0, -4.0, 15.0 ],
					"rotationX": -179.99999011687993,
					"rotationY": 5.008955855952477E-6,
					"rotationZ": -179.99999011687993,
					"faces": {
						"north": { "texture": "#machinery", "uv": [ 6.5, 5.5, 10.5, 15.5 ] },
						"east": { "texture": "#machinery", "uv": [ 8.5, 6.0, 10.5, 16.0 ] },
						"south": { "texture": "#machinery-grate", "uv": [ 6.0, 6.5, 10.0, 16.5 ], "enabled": false },
						"west": { "texture": "#machinery", "uv": [ 7.5, 5.5, 9.5, 15.5 ] },
						"up": { "texture": "#machinery", "uv": [ 6.5, 6.0, 10.5, 8.0 ] },
						"down": { "texture": "#machinery", "uv": [ 6.5, 7.5, 10.5, 9.5 ] }
					}
				},
				{
					"name": "Cube9",
					"from": [ 15.0, -4.0, 5.0 ], 
					"to": [ 19.0, 6.0, 7.0 ], 
					"rotationOrigin": [ 15.0, -4.0, 5.0 ],
					"rotationY": -90.0,
					"faces": {
						"north": { "texture": "#machinery", "uv": [ 6.5, 5.5, 10.5, 15.5 ] },
						"east": { "texture": "#machinery", "uv": [ 8.5, 6.0, 10.5, 16.0 ] },
						"south": { "texture": "#machinery-grate", "uv": [ 6.0, 6.5, 10.0, 16.5 ], "enabled": false },
						"west": { "texture": "#machinery", "uv": [ 7.5, 5.5, 9.5, 15.5 ] },
						"up": { "texture": "#machinery", "uv": [ 6.5, 6.0, 10.5, 8.0 ] },
						"down": { "texture": "#machinery", "uv": [ 6.5, 7.5, 10.5, 9.5 ] }
					}
				},
				{
					"name": "Cube10",
					"from": [ -1.0, -4.0, 9.0 ], 
					"to": [ 3.0, 6.0, 11.0 ], 
					"rotationOrigin": [ -1.0, -4.0, 9.0 ],
					"rotationY": 90.0,
					"faces": {
						"north": { "texture": "#machinery", "uv": [ 6.5, 5.5, 10.5, 15.5 ] },
						"east": { "texture": "#machinery", "uv": [ 8.5, 6.0, 10.5, 16.0 ] },
						"south": { "texture": "#machinery-grate", "uv": [ 6.0, 6.5, 10.0, 16.5 ], "enabled": false },
						"west": { "texture": "#machinery", "uv": [ 7.5, 5.5, 9.5, 15.5 ] },
						"up": { "texture": "#machinery", "uv": [ 6.5, 6.0, 10.5, 8.0 ] },
						"down": { "texture": "#machinery", "uv": [ 6.5, 7.5, 10.5, 9.5 ] }
					}
				}
			]
		},
		{
			"name": "Cube2",
			"from": [ 2.0, 1.0, 2.0 ], 
			"to": [ 14.0, 8.0, 14.0 ], 
			"rotationOrigin": [ 2.0, 1.0, 2.0 ],
			"faces": {
				"north": { "texture": "#machinery", "uv": [ 0.0, 8.0, 16.0, 16.0 ], "autoUv": false },
				"east": { "texture": "#machinery", "uv": [ 0.0, 8.0, 16.0, 16.0 ], "autoUv": false },
				"south": { "texture": "#machinery", "uv": [ 0.0, 8.0, 16.0, 16.0 ], "autoUv": false },
				"west": { "texture": "#machinery", "uv": [ 0.0, 8.0, 16.0, 16.0 ], "autoUv": false },
				"up": { "texture": "#null", "uv": [ 0.0, 2.0, 12.0, 14.0 ], "enabled": false },
				"down": { "texture": "#null", "uv": [ 0.0, 0.0, 12.0, 12.0 ], "enabled": false }
			}
		},
		{
			"name": "Cube1",
			"from": [ 2.0, 0.0, 2.0 ], 
			"to": [ 14.0, 1.0, 14.0 ], 
			"rotationOrigin": [ 2.0, 0.0, 2.0 ],
			"faces": {
				"north": { "texture": "#machinery", "uv": [ 0.0, 0.0, 12.0, 1.0 ] },
				"east": { "texture": "#machinery", "uv": [ 0.0, 0.0, 12.0, 1.0 ] },
				"south": { "texture": "#machinery", "uv": [ 0.0, 0.0, 12.0, 1.0 ] },
				"west": { "texture": "#machinery", "uv": [ 0.0, 0.0, 12.0, 1.0 ] },
				"up": { "texture": "#machinery", "uv": [ 0.0, 0.0, 12.0, 12.0 ] },
				"down": { "texture": "#machinery-grate", "uv": [ 0.0, 0.0, 16.0, 16.0 ], "autoUv": false }
			}
		},
		{
			"name": "Cube4",
			"from": [ 1.0, 8.0, 1.0 ], 
			"to": [ 15.0, 9.0, 15.0 ], 
			"rotationOrigin": [ 1.0, 8.0, 1.0 ],
			"faces": {
				"north": { "texture": "#machinery", "uv": [ 0.0, 0.0, 14.0, 1.0 ] },
				"east": { "texture": "#machinery", "uv": [ 0.0, 0.0, 14.0, 1.0 ] },
				"south": { "texture": "#machinery", "uv": [ 0.0, 0.0, 14.0, 1.0 ] },
				"west": { "texture": "#machinery", "uv": [ 0.0, 0.0, 14.0, 1.0 ] },
				"up": { "texture": "#machinery", "uv": [ 0.0, 0.0, 14.0, 14.0 ] },
				"down": { "texture": "#machinery", "uv": [ 0.0, 0.0, 14.0, 14.0 ] }
			}
		},
		{
			"name": "Cube6",
			"from": [ 0.0, 15.0, 0.0 ], 
			"to": [ 16.0, 16.0, 16.0 ], 
			"rotationOrigin": [ 0.0, 15.0, 0.0 ],
			"faces": {
				"north": { "texture": "#machinery", "uv": [ 0.0, 0.0, 16.0, 1.0 ] },
				"east": { "texture": "#machinery", "uv": [ 0.0, 0.0, 16.0, 1.0 ] },
				"south": { "texture": "#machinery", "uv": [ 0.0, 0.0, 16.0, 1.0 ] },
				"west": { "texture": "#machinery", "uv": [ 0.0, 0.0, 16.0, 1.0 ] },
				"up": { "texture": "#machinery-grate", "uv": [ 0.0, 0.0, 16.0, 16.0 ] },
				"down": { "texture": "#machinery", "uv": [ 0.0, 0.0, 16.0, 16.0 ] }
			}
		}
	]}