{
	"code": "battery",
	"class": "ElectricalBlock",
	"entityclass": "BEEWire",
	"creativeinventory": {
		"general": [ "*-{type}-east" ],
		"qptech": [ "*-{type}-east" ]
	},
	"variantgroups": [
		{
			"code": "type",
			"states": [ "primitive", "lv" ]
		},
		{
			"code": "side",
			"loadFromProperties": "abstract/horizontalorientation"
		}
	],
	"behaviors": [
		{
			"name": "HorizontalOrientable",
			"properties": { "dropBlockFace": "east" }
		}
	],
	"attributesbytype": {
		"*-primitive-*": {
			"maxAmps": 1,
			"maxVolts": 16,
			"capacitance": 500,
			"receptionFaces": [ "south" ],
			"distributionFaces": [ "north", "east", "west" ]
		},
		"*-lv-*": {
			"maxAmps": 4,
			"maxVolts": 16,
			"capacitance": 1000,
			"receptionFaces": [ "south" ],
			"distributionFaces": [ "north", "east", "west" ]
		}
	},
	"blockmaterial": "Metal",
	"drawtype": "json",
	"shape": { "base": "block/metal/electric/battery/primitive" },
	"shapeByType": {
		"*-north": {
			"base": "block/metal/electric/battery/primitive",
			"rotateY": 0
		},
		"*-east": {
			"base": "block/metal/electric/battery/primitive",
			"rotateY": 270
		},
		"*-west": {
			"base": "block/metal/electric/battery/primitive",
			"rotateY": 90
		},
		"*-south": {
			"base": "block/metal/electric/battery/primitive",
			"rotateY": 180
		}
	},
	"resistance": 1,
	"sideAo": { "all": false },
	"sidesolid": {
		"all": false
	},
	"sideopaque": {
		"all": false
	},
	"sounds": {
		"place": "game:block/anvil",
		"walk": "game:walk/stone"
	}
}