{
	"code": "sink",
	"class": "BlockBarrel",
	"entityClass": "Barrel",
	"entityclass": "GenericTypedContainer",
	"creativeinventory": {
		"qptech": [ "*-east" ],
		"kitchen": [ "*-east" ]
	},
	"attributes": {
		"liquidcontainer": true,
		"capacityLitres": 50,
		"canhold": [ "water" ]
	},
	"variantgroups": [

		{
			"code": "wood",
			"states": [ "aged" ],
			"loadFromProperties": "block/wood"
		},
		{
			"code": "side",
			"loadFromProperties": "abstract/horizontalorientation"
		}
	],
	"behaviors": [
		{
			"name": "HorizontalOrientable",
			"properties": { "dropBlockFace": "east" }
		}
	],
	"drawtype": "json",
	"shape": { "base": "block/wood/basin" },
	"shapeByType": {
		"*-north": {
			"base": "block/wood/basin",
			"rotateY": 0
		},
		"*-east": {
			"base": "block/wood/basin",
			"rotateY": 270
		},
		"*-west": {
			"base": "block/wood/basin",
			"rotateY": 90
		},
		"*-south": {
			"base": "block/wood/basin",
			"rotateY": 180
		}
	},
	"blockmaterial": "Wood",
	"sideopaque": {
		"all": false
	},
	"textures": {
		"all": { "base": "game:block/wood/planks/{wood}*" }
	},
	"resistance": 1,
	"sounds": {
		"hit": "game:block/planks",
		"break": "game:block/planks",
		"place": "game:block/planks",
		"walk": "game:walk/wood"
	},
	"guiTransform": {
		"origin": {
			"x": 0.5,
			"y": 0.5,
			"z": 0.5
		},
		"scale": 1
	}
}