{
	"editor": {
		"allAngles": false,
		"entityTextureMode": false
	},
	"textureWidth": 16,
	"textureHeight": 16,
	"textureSizes": {
	},
	"textures": {
		"machinery-back": "C:/Users/andy-/Documents/GitHub/qptech/mods/qptech/assets/machines/textures/block/metal/generator/machinery-back",
		"wires": "C:/Users/andy-/Documents/GitHub/qptech/mods/qptech/assets/machines/textures/block/metal/wires/tin-wires",
		"castiron-top": "C:/Users/andy-/Documents/GitHub/qptech/mods/qptech/assets/machines/textures/block/metal/metalpress/castiron-top",
		"castiron-bar": "C:/Users/andy-/Documents/GitHub/qptech/mods/qptech/assets/machines/textures/block/metal/metalpress/castiron-bar",
		"machinery-border-small": "C:/Users/andy-/Documents/GitHub/qptech/mods/qptech/assets/machines/textures/block/metal/metalpress/machinery-border-small",
		"castiron-back": "C:/Users/andy-/Documents/GitHub/qptech/mods/qptech/assets/machines/textures/block/metal/metalpress/castiron-back"
	},
	"elements": [
		{
			"name": "Base Plate",
			"from": [ 0.0, 0.0, 0.0 ], 
			"to": [ 16.0, 2.0, 16.0 ], 
			"faces": {
				"north": { "texture": "#machinery-border-small", "uv": [ 0.0, 0.0, 16.0, 3.0 ], "autoUv": false },
				"east": { "texture": "#machinery-border-small", "uv": [ 0.0, 0.0, 16.0, 3.0 ], "autoUv": false },
				"south": { "texture": "#machinery-border-small", "uv": [ 0.0, 0.0, 16.0, 3.0 ], "autoUv": false },
				"west": { "texture": "#machinery-border-small", "uv": [ 0.0, 0.0, 16.0, 3.0 ], "autoUv": false },
				"up": { "texture": "#machinery-back", "uv": [ 0.0, 0.0, 16.0, 16.0 ] },
				"down": { "texture": "#machinery-back", "uv": [ 0.0, 0.0, 16.0, 16.0 ] }
			},
			"children": [
				{
					"name": "Ground Bol SE",
					"from": [ 15.0, 2.0, 14.0 ], 
					"to": [ 16.0, 16.0, 16.0 ], 
					"rotationOrigin": [ 15.0, 2.0, 14.0 ],
					"faces": {
						"north": { "texture": "#machinery-border-small", "uv": [ 0.0, 4.5, 16.0, 6.5 ], "rotation": 90, "autoUv": false },
						"east": { "texture": "#machinery-border-small", "uv": [ 0.0, 0.0, 16.0, 3.0 ], "rotation": 90, "autoUv": false },
						"south": { "texture": "#machinery-border-small", "uv": [ 0.0, 0.0, 16.0, 1.5 ], "rotation": 90, "autoUv": false },
						"west": { "texture": "#machinery-border-small", "uv": [ 0.0, 0.0, 16.0, 3.0 ], "rotation": 90, "autoUv": false },
						"up": { "texture": "#machinery-border-small", "uv": [ 0.0, 0.0, 1.0, 2.0 ], "enabled": false },
						"down": { "texture": "#machinery-border-small", "uv": [ 0.0, 0.0, 1.0, 2.0 ], "enabled": false }
					},
					"children": [
						{
							"name": "Ground Bolt52",
							"from": [ -1.0, 0.0, 1.0 ], 
							"to": [ 0.0, 14.0, 2.0 ], 
							"rotationOrigin": [ -1.0, 0.0, 1.0 ],
							"faces": {
								"north": { "texture": "#machinery-border-small", "uv": [ 0.0, 0.0, 16.0, 1.5 ], "rotation": 90, "autoUv": false },
								"east": { "texture": "#machinery-border-small", "uv": [ 0.0, 0.0, 15.5, 2.5 ], "rotation": 90, "enabled": false, "autoUv": false },
								"south": { "texture": "#machinery-border-small", "uv": [ 0.0, 1.5, 16.0, 3.0 ], "rotation": 90, "autoUv": false },
								"west": { "texture": "#machinery-border-small", "uv": [ 0.0, 4.5, 16.0, 6.5 ], "rotation": 90, "autoUv": false },
								"up": { "texture": "#machinery-border-small", "uv": [ 0.0, 0.0, 1.0, 1.0 ], "enabled": false },
								"down": { "texture": "#machinery-border-small", "uv": [ 0.0, 0.0, 1.0, 1.0 ], "enabled": false }
							}
						},
						{
							"name": "Ground Bolt SW",
							"from": [ -13.0052, 0.0, 1.0007 ], 
							"to": [ -12.0052, 14.0, 3.0007 ], 
							"rotationOrigin": [ -13.0, 0.0, 1.0 ],
							"rotationY": -89.9802127184967,
							"faces": {
								"north": { "texture": "#machinery-border-small", "uv": [ 0.0, 4.5, 16.0, 6.5 ], "rotation": 90, "autoUv": false },
								"east": { "texture": "#machinery-border-small", "uv": [ 0.0, 0.0, 16.0, 3.0 ], "rotation": 90, "autoUv": false },
								"south": { "texture": "#machinery-border-small", "uv": [ 0.0, 0.0, 16.0, 1.5 ], "rotation": 90, "autoUv": false },
								"west": { "texture": "#machinery-border-small", "uv": [ 0.0, 0.0, 16.0, 3.0 ], "rotation": 90, "autoUv": false },
								"up": { "texture": "#machinery-border-small", "uv": [ 0.0, 0.0, 1.0, 2.0 ], "enabled": false },
								"down": { "texture": "#machinery-border-small", "uv": [ 0.0, 0.0, 1.0, 2.0 ], "enabled": false }
							},
							"children": [
								{
									"name": "Ground Bolt51",
									"from": [ -1.0, 0.0, 1.0 ], 
									"to": [ 0.0, 14.0, 2.0 ], 
									"rotationOrigin": [ -1.0, 0.0, 1.0 ],
									"faces": {
										"north": { "texture": "#machinery-border-small", "uv": [ 0.0, 0.0, 16.0, 1.5 ], "rotation": 90, "autoUv": false },
										"east": { "texture": "#machinery-border-small", "uv": [ 0.0, 0.0, 15.5, 2.5 ], "rotation": 90, "enabled": false, "autoUv": false },
										"south": { "texture": "#machinery-border-small", "uv": [ 0.0, 1.5, 16.0, 3.0 ], "rotation": 90, "autoUv": false },
										"west": { "texture": "#machinery-border-small", "uv": [ 0.0, 4.5, 16.0, 6.5 ], "rotation": 90, "autoUv": false },
										"up": { "texture": "#machinery-border-small", "uv": [ 0.0, 0.0, 1.0, 1.0 ], "enabled": false },
										"down": { "texture": "#machinery-border-small", "uv": [ 0.0, 0.0, 1.0, 1.0 ], "enabled": false }
									}
								}
							]
						}
					]
				},
				{
					"name": "Receiver",
					"from": [ 2.0, 2.0, 2.0 ], 
					"to": [ 14.0, 3.0, 14.0 ], 
					"rotationOrigin": [ 2.0, 2.0, 2.0 ],
					"faces": {
						"north": { "texture": "#castiron-back", "uv": [ 0.0, 0.0, 12.0, 1.0 ], "enabled": false },
						"east": { "texture": "#castiron-back", "uv": [ 0.0, 0.0, 12.0, 1.0 ], "enabled": false },
						"south": { "texture": "#castiron-back", "uv": [ 0.0, 0.0, 12.0, 1.0 ], "enabled": false },
						"west": { "texture": "#castiron-back", "uv": [ 0.0, 0.0, 12.0, 1.0 ], "enabled": false },
						"up": { "texture": "#castiron-back", "uv": [ 0.0, 0.0, 16.0, 16.0 ], "autoUv": false },
						"down": { "texture": "#castiron-back", "uv": [ 0.0, 0.0, 12.0, 12.0 ], "enabled": false }
					},
					"children": [
						{
							"name": "Receiver Frame9",
							"from": [ 0.0, 0.0, 0.0 ], 
							"to": [ 1.0, 3.0, 12.0 ], 
							"rotationOrigin": [ 0.0, 0.0, 0.0 ],
							"rotationY": 89.9802127184967,
							"faces": {
								"north": { "texture": "#castiron-bar", "uv": [ 6.0, 1.5, 7.0, 4.5 ], "enabled": false },
								"east": { "texture": "#castiron-bar", "uv": [ 0.0, 0.0, 3.0, 12.0 ], "rotation": 90 },
								"south": { "texture": "#castiron-bar", "uv": [ 0.0, 0.0, 1.0, 3.0 ], "enabled": false },
								"west": { "texture": "#castiron-bar", "uv": [ 0.0, 1.5, 3.0, 13.5 ], "rotation": 90 },
								"up": { "texture": "#castiron-bar", "uv": [ 1.0, 2.5, 2.0, 14.5 ] },
								"down": { "texture": "#castiron-bar", "uv": [ 0.5, 2.0, 12.5, 3.0 ], "rotation": 90, "enabled": false }
							}
						},
						{
							"name": "Receiver Front12",
							"from": [ 3.0, 0.0, 13.0 ], 
							"to": [ 4.0, 2.0, 19.0 ], 
							"rotationOrigin": [ 3.0, 0.0, 13.0 ],
							"rotationY": 89.9802127184967,
							"faces": {
								"north": { "texture": "#castiron-bar", "uv": [ 0.0, 0.0, 1.0, 2.0 ], "enabled": false },
								"east": { "texture": "#castiron-bar", "uv": [ 1.0, 0.0, 3.0, 6.0 ], "rotation": 90 },
								"south": { "texture": "#castiron-bar", "uv": [ 0.0, 0.0, 1.0, 2.0 ], "enabled": false },
								"west": { "texture": "#castiron-bar", "uv": [ 1.0, 0.0, 3.0, 6.0 ], "rotation": 90 },
								"up": { "texture": "#castiron-bar", "uv": [ 1.0, 0.0, 2.0, 6.0 ] },
								"down": { "texture": "#castiron-bar", "uv": [ 1.0, 0.0, 2.0, 6.0 ], "enabled": false }
							}
						},
						{
							"name": "Receiver Frame47",
							"from": [ -1.0, 0.0, -1.0 ], 
							"to": [ 0.0, 3.0, 12.0 ], 
							"rotationOrigin": [ -1.0, 0.0, -1.0 ],
							"faces": {
								"north": { "texture": "#castiron-bar", "uv": [ 0.0, 0.0, 1.0, 3.0 ], "enabled": false },
								"east": { "texture": "#castiron-bar", "uv": [ 0.0, 1.5, 3.0, 14.5 ], "rotation": 90 },
								"south": { "texture": "#castiron-bar", "uv": [ 0.0, 0.0, 1.0, 3.0 ], "enabled": false },
								"west": { "texture": "#castiron-bar", "uv": [ 0.0, 1.5, 3.0, 14.5 ], "rotation": 90 },
								"up": { "texture": "#castiron-bar", "uv": [ 1.0, 2.0, 2.0, 15.0 ] },
								"down": { "texture": "#castiron-bar", "uv": [ 1.5, 1.0, 2.5, 14.0 ], "enabled": false }
							}
						},
						{
							"name": "Receiver Frame48",
							"from": [ 12.0, 0.0, -1.0 ], 
							"to": [ 13.0, 3.0, 12.0 ], 
							"rotationOrigin": [ 12.0, 0.0, -1.0 ],
							"faces": {
								"north": { "texture": "#castiron-bar", "uv": [ 0.0, 0.0, 1.0, 3.0 ], "enabled": false },
								"east": { "texture": "#castiron-bar", "uv": [ 0.0, 1.0, 3.0, 14.0 ], "rotation": 90 },
								"south": { "texture": "#castiron-bar", "uv": [ 0.0, 0.0, 1.0, 3.0 ], "enabled": false },
								"west": { "texture": "#castiron-bar", "uv": [ 0.0, 1.0, 3.0, 14.0 ], "rotation": 90 },
								"up": { "texture": "#castiron-bar", "uv": [ 1.0, 1.5, 2.0, 14.5 ] },
								"down": { "texture": "#castiron-bar", "uv": [ 1.0, 1.0, 2.0, 14.0 ] }
							}
						},
						{
							"name": "Receiver Front11",
							"from": [ 9.0, 0.0, 13.0 ], 
							"to": [ 10.0, 3.0, 17.0 ], 
							"rotationOrigin": [ 9.0, 0.0, 13.0 ],
							"rotationY": 89.9802127184967,
							"faces": {
								"north": { "texture": "#castiron-bar", "uv": [ 0.0, 0.0, 3.0, 1.0 ], "rotation": 90 },
								"east": { "texture": "#castiron-bar", "uv": [ 0.0, 1.5, 3.0, 4.5 ], "rotation": 90, "autoUv": false },
								"south": { "texture": "#castiron-bar", "uv": [ 1.0, 0.5, 2.0, 3.5 ], "enabled": false },
								"west": { "texture": "#castiron-bar", "uv": [ 0.0, 0.0, 3.0, 3.0 ], "rotation": 90, "autoUv": false },
								"up": { "texture": "#castiron-bar", "uv": [ 1.0, 0.0, 2.0, 4.0 ] },
								"down": { "texture": "#castiron-bar", "uv": [ 1.0, 0.0, 2.0, 4.0 ], "enabled": false }
							}
						},
						{
							"name": "Receiver Front",
							"from": [ -1.0, 0.0, 13.0 ], 
							"to": [ 0.0, 3.0, 17.0 ], 
							"rotationOrigin": [ -1.0, 0.0, 13.0 ],
							"rotationY": 89.9802127184967,
							"faces": {
								"north": { "texture": "#castiron-bar", "uv": [ 0.0, 0.0, 1.0, 3.0 ], "enabled": false },
								"east": { "texture": "#castiron-bar", "uv": [ 0.0, 0.0, 3.0, 3.0 ], "rotation": 90, "autoUv": false },
								"south": { "texture": "#castiron-bar", "uv": [ 0.0, 0.0, 3.0, 1.0 ], "rotation": 90 },
								"west": { "texture": "#castiron-bar", "uv": [ 0.0, 0.0, 3.0, 3.0 ], "rotation": 90, "autoUv": false },
								"up": { "texture": "#castiron-bar", "uv": [ 1.0, 0.0, 2.0, 4.0 ] },
								"down": { "texture": "#castiron-bar", "uv": [ 0.0, 0.0, 1.0, 4.0 ], "enabled": false }
							}
						}
					]
				},
				{
					"name": "Ground Bol NE",
					"from": [ 15.0, 2.0, 2.0 ], 
					"to": [ 16.0, 16.0, 4.0 ], 
					"rotationOrigin": [ 8.0, 2.0, 2.0 ],
					"rotationY": -180.0,
					"faces": {
						"north": { "texture": "#machinery-border-small", "uv": [ 0.0, 4.5, 16.0, 6.5 ], "rotation": 90, "autoUv": false },
						"east": { "texture": "#machinery-border-small", "uv": [ 0.0, 0.0, 16.0, 3.0 ], "rotation": 90, "autoUv": false },
						"south": { "texture": "#machinery-border-small", "uv": [ 0.0, 0.0, 16.0, 1.5 ], "rotation": 90, "autoUv": false },
						"west": { "texture": "#machinery-border-small", "uv": [ 0.0, 0.0, 16.0, 3.0 ], "rotation": 90, "autoUv": false },
						"up": { "texture": "#machinery-border-small", "uv": [ 0.0, 0.0, 1.0, 2.0 ], "enabled": false },
						"down": { "texture": "#machinery-border-small", "uv": [ 0.0, 0.0, 1.0, 2.0 ], "enabled": false }
					},
					"children": [
						{
							"name": "Ground Bolt53",
							"from": [ -1.0, 0.0, 1.0 ], 
							"to": [ 0.0, 14.0, 2.0 ], 
							"rotationOrigin": [ -1.0, 0.0, 1.0 ],
							"faces": {
								"north": { "texture": "#machinery-border-small", "uv": [ 0.0, 0.0, 16.0, 1.5 ], "rotation": 90, "autoUv": false },
								"east": { "texture": "#machinery-border-small", "uv": [ 0.0, 0.0, 15.5, 2.5 ], "rotation": 90, "enabled": false, "autoUv": false },
								"south": { "texture": "#machinery-border-small", "uv": [ 0.0, 1.5, 16.0, 3.0 ], "rotation": 90, "autoUv": false },
								"west": { "texture": "#machinery-border-small", "uv": [ 0.0, 4.5, 16.0, 6.5 ], "rotation": 90, "autoUv": false },
								"up": { "texture": "#machinery-border-small", "uv": [ 0.0, 0.0, 1.0, 1.0 ], "enabled": false },
								"down": { "texture": "#machinery-border-small", "uv": [ 0.0, 0.0, 1.0, 1.0 ], "enabled": false }
							}
						}
					]
				},
				{
					"name": "Ground Bolt NW",
					"from": [ 13.9948, 2.0, 1.0007 ], 
					"to": [ 14.9948, 16.0, 3.0007 ], 
					"rotationOrigin": [ 14.0, 2.0, 1.0 ],
					"rotationX": -179.99999011687993,
					"rotationY": 89.9802127184967,
					"rotationZ": -179.99999011687993,
					"faces": {
						"north": { "texture": "#machinery-border-small", "uv": [ 0.0, 4.5, 16.0, 6.5 ], "rotation": 90, "autoUv": false },
						"east": { "texture": "#machinery-border-small", "uv": [ 0.0, 0.0, 16.0, 3.0 ], "rotation": 90, "autoUv": false },
						"south": { "texture": "#machinery-border-small", "uv": [ 0.0, 0.0, 16.0, 1.5 ], "rotation": 90, "autoUv": false },
						"west": { "texture": "#machinery-border-small", "uv": [ 0.0, 0.0, 16.0, 3.0 ], "rotation": 90, "autoUv": false },
						"up": { "texture": "#machinery-border-small", "uv": [ 0.0, 0.0, 1.0, 2.0 ], "enabled": false },
						"down": { "texture": "#machinery-border-small", "uv": [ 0.0, 0.0, 1.0, 2.0 ], "enabled": false }
					},
					"children": [
						{
							"name": "Ground Bolt55",
							"from": [ -1.0, 0.0, 1.0 ], 
							"to": [ 0.0, 14.0, 2.0 ], 
							"rotationOrigin": [ -1.0, 0.0, 1.0 ],
							"faces": {
								"north": { "texture": "#machinery-border-small", "uv": [ 0.0, 0.0, 16.0, 1.5 ], "rotation": 90, "autoUv": false },
								"east": { "texture": "#machinery-border-small", "uv": [ 0.0, 0.0, 15.5, 2.5 ], "rotation": 90, "enabled": false, "autoUv": false },
								"south": { "texture": "#machinery-border-small", "uv": [ 0.0, 1.5, 16.0, 3.0 ], "rotation": 90, "autoUv": false },
								"west": { "texture": "#machinery-border-small", "uv": [ 0.0, 4.5, 16.0, 6.5 ], "rotation": 90, "autoUv": false },
								"up": { "texture": "#machinery-border-small", "uv": [ 0.0, 0.0, 1.0, 1.0 ], "enabled": false },
								"down": { "texture": "#machinery-border-small", "uv": [ 0.0, 0.0, 1.0, 1.0 ], "enabled": false }
							}
						}
					]
				}
			]
		},
		{
			"name": "Top Frame",
			"from": [ 16.0, 16.0, 0.0 ], 
			"to": [ 32.0, 18.0, 6.0 ], 
			"rotationOrigin": [ 16.0, 16.0, 0.0 ],
			"rotationY": -90.0,
			"faces": {
				"north": { "texture": "#machinery-border-small", "uv": [ 0.0, 0.0, 16.0, 3.0 ], "autoUv": false },
				"east": { "texture": "#machinery-border-small", "uv": [ 0.0, 0.0, 6.0, 3.0 ], "rotation": 180, "autoUv": false },
				"south": { "texture": "#machinery-border-small", "uv": [ 0.0, 0.0, 16.0, 3.0 ], "autoUv": false },
				"west": { "texture": "#machinery-border-small", "uv": [ 9.0, 0.0, 16.0, 3.0 ], "rotation": 180, "autoUv": false },
				"up": { "texture": "#machinery-back", "uv": [ 0.0, 0.0, 16.0, 6.0 ] },
				"down": { "texture": "#machinery-back", "uv": [ 0.0, 0.0, 16.0, 6.0 ] }
			},
			"children": [
				{
					"name": "Top Frame19",
					"from": [ 0.0, 0.0, 10.0 ], 
					"to": [ 16.0, 2.0, 16.0 ], 
					"rotationOrigin": [ 0.0, 0.0, 10.0 ],
					"faces": {
						"north": { "texture": "#machinery-border-small", "uv": [ 0.0, 0.0, 16.0, 2.0 ] },
						"east": { "texture": "#machinery-border-small", "uv": [ 9.0, 0.0, 16.0, 3.0 ], "rotation": 180, "autoUv": false },
						"south": { "texture": "#machinery-border-small", "uv": [ 0.0, 0.0, 16.0, 3.0 ], "autoUv": false },
						"west": { "texture": "#machinery-border-small", "uv": [ 0.0, 0.0, 6.5, 3.0 ], "rotation": 180, "autoUv": false },
						"up": { "texture": "#machinery-back", "uv": [ 0.0, 10.0, 16.0, 16.0 ] },
						"down": { "texture": "#machinery-back", "uv": [ 0.0, 10.0, 16.0, 16.0 ] }
					}
				},
				{
					"name": "Top Frame20",
					"from": [ 0.0, 0.0, 6.0 ], 
					"to": [ 5.0, 2.0, 10.0 ], 
					"rotationOrigin": [ 0.0, 0.0, 6.0 ],
					"faces": {
						"north": { "texture": "#machinery-border-small", "uv": [ 0.0, 0.0, 5.0, 2.0 ], "enabled": false },
						"east": { "texture": "#machinery-border-small", "uv": [ 0.0, 0.0, 4.0, 2.0 ], "enabled": false },
						"south": { "texture": "#machinery-border-small", "uv": [ 0.0, 0.0, 5.0, 2.0 ], "enabled": false },
						"west": { "texture": "#machinery-border-small", "uv": [ 5.5, 0.0, 9.5, 3.0 ], "rotation": 180, "autoUv": false },
						"up": { "texture": "#machinery-back", "uv": [ 0.0, 6.0, 5.0, 10.0 ], "autoUv": false },
						"down": { "texture": "#machinery-back", "uv": [ 0.0, 5.0, 5.0, 9.0 ], "rotation": 180, "autoUv": false }
					}
				},
				{
					"name": "Top Frame21",
					"from": [ 11.0, 0.0, 6.0 ], 
					"to": [ 16.0, 2.0, 10.0 ], 
					"rotationOrigin": [ 11.0, 0.0, 6.0 ],
					"faces": {
						"north": { "texture": "#machinery-border-small", "uv": [ 0.0, 0.0, 5.0, 2.0 ], "enabled": false, "autoUv": false },
						"east": { "texture": "#machinery-border-small", "uv": [ 5.5, 0.0, 9.5, 3.0 ], "autoUv": false },
						"south": { "texture": "#machinery-border-small", "uv": [ 0.0, 0.0, 5.0, 2.0 ], "enabled": false },
						"west": { "texture": "#machinery-border-small", "uv": [ 0.0, 0.0, 4.0, 3.0 ], "enabled": false, "autoUv": false },
						"up": { "texture": "#machinery-back", "uv": [ 11.0, 6.0, 16.0, 10.0 ] },
						"down": { "texture": "#machinery-back", "uv": [ 11.0, 9.5, 16.0, 13.5 ], "rotation": 180 }
					}
				},
				{
					"name": "Top Bolt",
					"from": [ 0.5, 2.0, 14.5 ], 
					"to": [ 1.5, 2.5, 15.5 ], 
					"rotationOrigin": [ 0.5, 2.0, 14.5 ],
					"rotationY": 4.0,
					"faces": {
						"north": { "texture": "#machinery-border-small", "uv": [ 0.0, 0.0, 2.5, 0.5 ], "autoUv": false },
						"east": { "texture": "#machinery-border-small", "uv": [ 0.0, 0.0, 3.0, 0.5 ], "autoUv": false },
						"south": { "texture": "#machinery-border-small", "uv": [ 0.0, 0.0, 3.0, 0.5 ], "autoUv": false },
						"west": { "texture": "#machinery-border-small", "uv": [ 0.0, 0.0, 3.0, 0.5 ], "autoUv": false },
						"up": { "texture": "#machinery-border-small", "uv": [ 0.5, 3.0, 2.5, 5.0 ], "autoUv": false },
						"down": { "texture": "#machinery-border-small", "uv": [ 0.0, 0.0, 3.0, 3.0 ], "enabled": false, "autoUv": false }
					}
				},
				{
					"name": "Top Bolt50",
					"from": [ 14.5, 2.0, 14.4 ], 
					"to": [ 15.5, 2.5, 15.4 ], 
					"rotationOrigin": [ 14.5, 2.0, 14.5 ],
					"rotationY": -4.0,
					"faces": {
						"north": { "texture": "#machinery-border-small", "uv": [ 0.0, 0.0, 2.5, 0.5 ], "autoUv": false },
						"east": { "texture": "#machinery-border-small", "uv": [ 0.0, 0.0, 3.0, 0.5 ], "autoUv": false },
						"south": { "texture": "#machinery-border-small", "uv": [ 0.0, 0.0, 3.0, 0.5 ], "autoUv": false },
						"west": { "texture": "#machinery-border-small", "uv": [ 0.0, 0.0, 3.0, 0.5 ], "autoUv": false },
						"up": { "texture": "#machinery-border-small", "uv": [ 0.5, 3.0, 2.5, 5.0 ], "autoUv": false },
						"down": { "texture": "#machinery-border-small", "uv": [ 0.0, 0.0, 3.0, 3.0 ], "enabled": false, "autoUv": false }
					}
				},
				{
					"name": "Top Bolt51",
					"from": [ 14.5, 2.0, 0.6 ], 
					"to": [ 15.5, 2.5, 1.6 ], 
					"rotationOrigin": [ 14.5, 2.0, 0.5 ],
					"rotationY": -2.0,
					"faces": {
						"north": { "texture": "#machinery-border-small", "uv": [ 0.0, 0.0, 2.5, 0.5 ], "autoUv": false },
						"east": { "texture": "#machinery-border-small", "uv": [ 0.0, 0.0, 3.0, 0.5 ], "autoUv": false },
						"south": { "texture": "#machinery-border-small", "uv": [ 0.0, 0.0, 3.0, 0.5 ], "autoUv": false },
						"west": { "texture": "#machinery-border-small", "uv": [ 0.0, 0.0, 3.0, 0.5 ], "autoUv": false },
						"up": { "texture": "#machinery-border-small", "uv": [ 0.5, 3.0, 2.5, 5.0 ], "autoUv": false },
						"down": { "texture": "#machinery-border-small", "uv": [ 0.0, 0.0, 3.0, 3.0 ], "enabled": false, "autoUv": false }
					}
				},
				{
					"name": "Top Bolt52",
					"from": [ 0.5, 2.0, 0.6 ], 
					"to": [ 1.5, 2.5, 1.6 ], 
					"rotationOrigin": [ 0.5, 2.0, 0.5 ],
					"rotationY": 7.0,
					"faces": {
						"north": { "texture": "#machinery-border-small", "uv": [ 0.0, 0.0, 2.5, 0.5 ], "autoUv": false },
						"east": { "texture": "#machinery-border-small", "uv": [ 0.0, 0.0, 3.0, 0.5 ], "autoUv": false },
						"south": { "texture": "#machinery-border-small", "uv": [ 0.0, 0.0, 3.0, 0.5 ], "autoUv": false },
						"west": { "texture": "#machinery-border-small", "uv": [ 0.0, 0.0, 3.0, 0.5 ], "autoUv": false },
						"up": { "texture": "#machinery-border-small", "uv": [ 0.5, 3.0, 2.5, 5.0 ], "autoUv": false },
						"down": { "texture": "#machinery-border-small", "uv": [ 0.0, 0.0, 3.0, 3.0 ], "enabled": false, "autoUv": false }
					}
				},
				{
					"name": "TopFrameCap",
					"from": [ 2.9986, 2.0, 4.001 ], 
					"to": [ 4.9986, 6.0, 12.001 ], 
					"rotationOrigin": [ 3.0, 2.0, 4.0 ],
					"rotationY": 0.019793887521617794,
					"faces": {
						"north": { "texture": "#castiron-bar", "uv": [ 7.5, 0.0, 9.5, 4.0 ] },
						"east": { "texture": "#castiron-bar", "uv": [ 7.5, 0.0, 15.5, 4.0 ] },
						"south": { "texture": "#castiron-bar", "uv": [ 9.5, 0.0, 11.5, 4.0 ] },
						"west": { "texture": "#castiron-bar", "uv": [ 6.5, 0.5, 14.5, 4.5 ] },
						"up": { "texture": "#castiron-bar", "uv": [ 4.5, 0.0, 6.5, 8.0 ] },
						"down": { "texture": "#castiron-bar", "uv": [ 4.0, 0.0, 6.0, 8.0 ] }
					},
					"children": [
						{
							"name": "TopFrameCap45",
							"from": [ 8.0, 0.0, 0.0 ], 
							"to": [ 10.0, 4.0, 8.0 ], 
							"rotationOrigin": [ 8.0, 0.0, 0.0 ],
							"faces": {
								"north": { "texture": "#castiron-bar", "uv": [ 5.0, 0.0, 7.0, 4.0 ] },
								"east": { "texture": "#castiron-bar", "uv": [ 5.5, 0.5, 13.5, 4.5 ] },
								"south": { "texture": "#castiron-bar", "uv": [ 5.0, 0.0, 7.0, 4.0 ] },
								"west": { "texture": "#castiron-bar", "uv": [ 7.0, 0.5, 15.0, 4.5 ] },
								"up": { "texture": "#castiron-bar", "uv": [ 4.0, 0.0, 6.0, 8.0 ] },
								"down": { "texture": "#castiron-bar", "uv": [ 4.5, 0.0, 6.5, 8.0 ] }
							}
						},
						{
							"name": "TopFrameCap46",
							"from": [ 2.0, 3.0, 0.0 ], 
							"to": [ 8.0, 4.0, 2.0 ], 
							"rotationOrigin": [ 2.0, 3.0, 0.0 ],
							"faces": {
								"north": { "texture": "#castiron-bar", "uv": [ 5.5, 0.0, 11.5, 1.0 ] },
								"east": { "texture": "#castiron-bar", "uv": [ 0.0, 0.0, 2.0, 1.0 ], "enabled": false },
								"south": { "texture": "#castiron-bar", "uv": [ 8.0, 2.0, 14.0, 3.0 ] },
								"west": { "texture": "#castiron-bar", "uv": [ 0.0, 0.0, 2.0, 1.0 ], "enabled": false },
								"up": { "texture": "#castiron-bar", "uv": [ 8.0, 0.5, 14.0, 2.5 ] },
								"down": { "texture": "#castiron-bar", "uv": [ 9.0, 0.0, 15.0, 2.0 ] }
							}
						},
						{
							"name": "TopFrameCap47",
							"from": [ 2.0, 3.0, 6.0 ], 
							"to": [ 8.0, 4.0, 8.0 ], 
							"rotationOrigin": [ 2.0, 3.0, 6.0 ],
							"faces": {
								"north": { "texture": "#castiron-bar", "uv": [ 9.0, 2.5, 15.0, 3.5 ] },
								"east": { "texture": "#castiron-bar", "uv": [ 0.0, 0.0, 2.0, 1.0 ], "enabled": false },
								"south": { "texture": "#castiron-bar", "uv": [ 8.5, 0.0, 14.5, 1.0 ] },
								"west": { "texture": "#castiron-bar", "uv": [ 0.0, 0.0, 2.0, 1.0 ], "enabled": false },
								"up": { "texture": "#castiron-bar", "uv": [ 9.5, 0.5, 15.5, 2.5 ] },
								"down": { "texture": "#castiron-bar", "uv": [ 8.5, 1.5, 14.5, 3.5 ] }
							}
						}
					]
				}
			]
		},
		{
			"name": "Press",
			"from": [ 13.0, 12.0, 3.0 ], 
			"to": [ 23.0, 13.0, 13.0 ], 
			"rotationOrigin": [ 13.0, 12.0, 3.0 ],
			"rotationY": -90.0,
			"faces": {
				"north": { "texture": "#castiron-bar", "uv": [ 7.5, 8.5, 15.0, 9.5 ], "autoUv": false },
				"east": { "texture": "#castiron-bar", "uv": [ 7.5, 8.5, 15.0, 9.5 ], "autoUv": false },
				"south": { "texture": "#castiron-bar", "uv": [ 7.5, 8.5, 15.0, 9.5 ], "autoUv": false },
				"west": { "texture": "#castiron-bar", "uv": [ 7.5, 8.5, 15.0, 9.5 ], "autoUv": false },
				"up": { "texture": "#castiron-back", "uv": [ 0.0, 0.0, 16.0, 16.0 ], "autoUv": false },
				"down": { "texture": "#castiron-bar", "uv": [ 7.0, 8.0, 17.0, 18.0 ], "enabled": false }
			},
			"children": [
				{
					"name": "Press Plate",
					"from": [ -2.0, -1.0, -2.0 ], 
					"to": [ 12.0, 0.0, 12.0 ], 
					"rotationOrigin": [ -1.0, -1.0, -2.0 ],
					"faces": {
						"north": { "texture": "#castiron-bar", "uv": [ 7.0, 8.0, 15.5, 8.5 ], "autoUv": false },
						"east": { "texture": "#castiron-bar", "uv": [ 7.0, 8.0, 15.5, 8.5 ], "autoUv": false },
						"south": { "texture": "#castiron-bar", "uv": [ 7.0, 8.0, 15.0, 8.5 ], "autoUv": false },
						"west": { "texture": "#castiron-bar", "uv": [ 7.0, 8.0, 15.0, 8.5 ], "autoUv": false },
						"up": { "texture": "#castiron-back", "uv": [ 0.0, 0.0, 16.0, 16.0 ], "autoUv": false },
						"down": { "texture": "#castiron-top", "uv": [ 0.0, 0.0, 16.0, 16.0 ], "autoUv": false }
					}
				},
				{
					"name": "Press Plate Shaft Middle",
					"from": [ 3.25, 2.0, 4.0 ], 
					"to": [ 6.65, 3.0, 6.0 ], 
					"rotationOrigin": [ 3.0, 2.0, 3.0 ],
					"faces": {
						"north": { "texture": "#castiron-bar", "uv": [ 7.0, 0.5, 10.0, 1.5 ] },
						"east": { "texture": "#castiron-bar", "uv": [ 6.0, 0.5, 8.0, 1.5 ], "enabled": false },
						"south": { "texture": "#castiron-bar", "uv": [ 6.0, 0.5, 9.0, 1.5 ] },
						"west": { "texture": "#castiron-bar", "uv": [ 5.0, 0.5, 7.0, 1.5 ], "enabled": false },
						"up": { "texture": "#castiron-bar", "uv": [ 4.5, 0.0, 7.5, 2.0 ] },
						"down": { "texture": "#castiron-bar", "uv": [ 6.0, 0.0, 9.0, 2.0 ] }
					}
				},
				{
					"name": "Press Plate Shaft R",
					"from": [ 6.7, 1.0, 4.0 ], 
					"to": [ 7.7, 17.0, 6.0 ], 
					"rotationOrigin": [ 6.0, 1.0, 3.0 ],
					"faces": {
						"north": { "texture": "#castiron-bar", "uv": [ 0.5, 0.0, 1.5, 16.0 ], "enabled": false },
						"east": { "texture": "#castiron-bar", "uv": [ 4.0, 0.0, 6.0, 16.0 ], "autoUv": false },
						"south": { "texture": "#castiron-bar", "uv": [ 0.5, 0.0, 2.5, 16.0 ], "rotation": 180, "enabled": false, "autoUv": false },
						"west": { "texture": "#castiron-bar", "uv": [ 4.0, 0.0, 6.0, 16.0 ], "autoUv": false },
						"up": { "texture": "#castiron-bar", "uv": [ 4.0, 0.0, 5.0, 2.0 ], "autoUv": false },
						"down": { "texture": "#castiron-bar", "uv": [ 3.5, 0.0, 5.5, 1.0 ], "enabled": false, "autoUv": false }
					},
					"children": [
						{
							"name": "Press Plate Part R1",
							"from": [ -0.2, 0.0, 2.0 ], 
							"to": [ 1.3, 16.0, 3.0 ], 
							"rotationOrigin": [ -0.7, 0.0, 2.0 ],
							"faces": {
								"north": { "texture": "#castiron-bar", "uv": [ 0.5, 0.0, 2.0, 16.0 ], "autoUv": false },
								"east": { "texture": "#castiron-bar", "uv": [ 0.0, 0.0, 1.0, 16.0 ], "autoUv": false },
								"south": { "texture": "#castiron-bar", "uv": [ 2.5, 0.0, 4.0, 16.0 ], "rotation": 180, "autoUv": false },
								"west": { "texture": "#castiron-bar", "uv": [ 2.0, 0.0, 3.0, 16.0 ], "autoUv": false },
								"up": { "texture": "#castiron-bar", "uv": [ 2.0, 0.0, 3.0, 1.0 ], "rotation": 90, "autoUv": false },
								"down": { "texture": "#castiron-bar", "uv": [ 0.0, 0.0, 1.0, 1.0 ], "enabled": false, "autoUv": false }
							}
						},
						{
							"name": "Press Plate Part R2",
							"from": [ -0.2, 0.0, -1.0 ], 
							"to": [ 1.3, 16.0, 0.0 ], 
							"rotationOrigin": [ -0.7, 0.0, -1.0 ],
							"faces": {
								"north": { "texture": "#castiron-bar", "uv": [ 2.5, 0.0, 4.0, 16.0 ], "autoUv": false },
								"east": { "texture": "#castiron-bar", "uv": [ 2.0, 0.0, 3.0, 16.0 ], "autoUv": false },
								"south": { "texture": "#castiron-bar", "uv": [ 0.5, 0.0, 2.0, 16.0 ], "rotation": 180, "autoUv": false },
								"west": { "texture": "#castiron-bar", "uv": [ 0.0, 0.0, 1.0, 16.0 ], "autoUv": false },
								"up": { "texture": "#castiron-bar", "uv": [ 0.0, 0.0, 1.0, 1.5 ], "rotation": 90, "autoUv": false },
								"down": { "texture": "#castiron-bar", "uv": [ 2.0, 0.0, 3.0, 1.0 ], "enabled": false, "autoUv": false }
							}
						}
					]
				},
				{
					"name": "Press Plate Shaft L",
					"from": [ 2.2, 1.0, 4.0 ], 
					"to": [ 3.2, 17.0, 6.0 ], 
					"rotationOrigin": [ 2.0, 1.0, 3.0 ],
					"faces": {
						"north": { "texture": "#castiron-bar", "uv": [ 0.5, 0.0, 1.5, 16.0 ], "enabled": false },
						"east": { "texture": "#castiron-bar", "uv": [ 4.0, 0.0, 6.0, 16.0 ], "autoUv": false },
						"south": { "texture": "#castiron-bar", "uv": [ 0.5, 0.0, 2.5, 16.0 ], "rotation": 180, "enabled": false, "autoUv": false },
						"west": { "texture": "#castiron-bar", "uv": [ 4.0, 0.0, 6.0, 16.0 ], "autoUv": false },
						"up": { "texture": "#castiron-bar", "uv": [ 4.0, 0.0, 5.0, 2.0 ], "autoUv": false },
						"down": { "texture": "#castiron-bar", "uv": [ 3.5, 0.0, 5.5, 1.0 ], "enabled": false, "autoUv": false }
					},
					"children": [
						{
							"name": "Press Plate Part L1",
							"from": [ -0.2, 0.0, 2.0 ], 
							"to": [ 1.3, 16.0, 3.0 ], 
							"rotationOrigin": [ -0.7, 0.0, 2.0 ],
							"faces": {
								"north": { "texture": "#castiron-bar", "uv": [ 0.5, 0.0, 2.0, 16.0 ], "autoUv": false },
								"east": { "texture": "#castiron-bar", "uv": [ 0.0, 0.0, 1.0, 16.0 ], "autoUv": false },
								"south": { "texture": "#castiron-bar", "uv": [ 2.5, 0.0, 4.0, 16.0 ], "rotation": 180, "autoUv": false },
								"west": { "texture": "#castiron-bar", "uv": [ 2.0, 0.0, 3.0, 16.0 ], "autoUv": false },
								"up": { "texture": "#castiron-bar", "uv": [ 2.0, 0.0, 3.0, 1.0 ], "rotation": 90, "autoUv": false },
								"down": { "texture": "#castiron-bar", "uv": [ 0.0, 0.0, 1.0, 1.0 ], "enabled": false, "autoUv": false }
							}
						},
						{
							"name": "Press Plate Part L2",
							"from": [ -0.2, 0.0, -1.0 ], 
							"to": [ 1.3, 16.0, 0.0 ], 
							"rotationOrigin": [ -0.7, 0.0, -1.0 ],
							"faces": {
								"north": { "texture": "#castiron-bar", "uv": [ 2.5, 0.0, 4.0, 16.0 ], "autoUv": false },
								"east": { "texture": "#castiron-bar", "uv": [ 2.0, 0.0, 3.0, 16.0 ], "autoUv": false },
								"south": { "texture": "#castiron-bar", "uv": [ 0.5, 0.0, 2.0, 16.0 ], "rotation": 180, "autoUv": false },
								"west": { "texture": "#castiron-bar", "uv": [ 0.0, 0.0, 1.0, 16.0 ], "autoUv": false },
								"up": { "texture": "#castiron-bar", "uv": [ 0.0, 0.0, 1.0, 1.5 ], "rotation": 90, "autoUv": false },
								"down": { "texture": "#castiron-bar", "uv": [ 2.0, 0.0, 3.0, 1.0 ], "enabled": false, "autoUv": false }
							}
						}
					]
				}
			]
		},
		{
			"name": "Main",
			"from": [ -0.2, 0.0, 1.0 ], 
			"to": [ -0.2, 0.0, 1.0 ], 
			"rotationOrigin": [ 8.0, 0.0, 1.0 ],
			"rotationX": -90.0,
			"faces": {
				"north": { "texture": "#wires", "uv": [ 0.0, 0.0, 0.5, 0.5 ], "enabled": false },
				"east": { "texture": "#wire", "uv": [ 0.0, 0.0, 0.5, 0.5 ], "enabled": false },
				"south": { "texture": "#wire", "uv": [ 0.0, 0.0, 0.5, 0.5 ], "enabled": false },
				"west": { "texture": "#wire", "uv": [ 0.0, 0.0, 0.5, 0.5 ], "enabled": false },
				"up": { "texture": "#wire", "uv": [ 0.0, 0.0, 0.5, 0.5 ], "enabled": false },
				"down": { "texture": "#wire", "uv": [ 0.0, 0.0, 0.5, 0.5 ], "enabled": false }
			},
			"children": [
				{
					"name": "Wire R",
					"from": [ 8.7, 1.0, 0.0 ], 
					"to": [ 10.0, 2.0, 4.0 ], 
					"rotationOrigin": [ 8.0, 1.0, 0.0 ],
					"faces": {
						"north": { "texture": "#wires", "uv": [ 0.0, 1.0, 1.0, 2.0 ] },
						"east": { "texture": "#wires", "uv": [ 0.0, 0.0, 1.0, 4.0 ], "rotation": 90 },
						"south": { "texture": "#wires", "uv": [ 0.0, 1.0, 1.0, 2.0 ] },
						"west": { "texture": "#wires", "uv": [ 1.5, 4.0, 2.5, 8.0 ], "rotation": 90 },
						"up": { "texture": "#wires", "uv": [ 0.0, 0.0, 1.0, 4.0 ] },
						"down": { "texture": "#wires", "uv": [ 0.0, 0.0, 1.0, 4.0 ], "enabled": false }
					}
				},
				{
					"name": "Wire L",
					"from": [ 6.3, 1.0, 0.0 ], 
					"to": [ 7.6, 2.0, 4.0 ], 
					"rotationOrigin": [ 6.0, 1.0, 0.0 ],
					"faces": {
						"north": { "texture": "#wires", "uv": [ 0.0, 1.0, 1.0, 2.0 ] },
						"east": { "texture": "#wires", "uv": [ 0.0, 0.0, 1.0, 4.0 ], "rotation": 90 },
						"south": { "texture": "#wires", "uv": [ 0.0, 1.0, 1.0, 2.0 ] },
						"west": { "texture": "#wires", "uv": [ 0.0, 4.0, 1.0, 8.0 ], "rotation": 90 },
						"up": { "texture": "#wires", "uv": [ 0.0, 0.0, 1.0, 4.0 ] },
						"down": { "texture": "#wires", "uv": [ 0.0, 0.0, 1.0, 4.0 ], "enabled": false }
					}
				},
				{
					"name": "Cube1",
					"from": [ 4.6, 0.0, 2.0 ], 
					"to": [ 11.6, 1.0, 5.0 ], 
					"rotationOrigin": [ 5.0, 0.0, 2.0 ],
					"faces": {
						"north": { "texture": "#machinery-border-small", "uv": [ 8.0, 8.5, 15.0, 9.5 ] },
						"east": { "texture": "#machinery-border-small", "uv": [ 11.0, 10.0, 14.0, 11.0 ] },
						"south": { "texture": "#machinery-border-small", "uv": [ 8.0, 8.0, 15.0, 9.0 ] },
						"west": { "texture": "#machinery-border-small", "uv": [ 9.5, 9.0, 12.5, 10.0 ] },
						"up": { "texture": "#machinery-border-small", "uv": [ 8.0, 12.0, 16.0, 16.0 ], "autoUv": false },
						"down": { "texture": "#machinery-border-small", "uv": [ 8.0, 12.5, 15.0, 15.5 ], "enabled": false }
					}
				}
			]
		},
		{
			"name": "Support 0",
			"from": [ 2.0, 7.0, 0.24 ], 
			"to": [ 14.0, 8.5, 0.74 ], 
			"rotationOrigin": [ 1.0, 7.0, 0.0 ],
			"rotationX": 2.231178711069033E-5,
			"rotationY": 5.008956263063454E-6,
			"rotationZ": 2.231178711069033E-5,
			"faces": {
				"north": { "texture": "#machinery-border-small", "uv": [ 0.0, 0.0, 16.0, 3.0 ], "autoUv": false },
				"east": { "texture": "#machinery-border-small", "uv": [ 0.0, 0.0, 0.5, 1.5 ], "enabled": false },
				"south": { "texture": "#machinery-border-small", "uv": [ 0.0, 0.0, 16.0, 3.0 ], "autoUv": false },
				"west": { "texture": "#machinery-border-small", "uv": [ 0.0, 0.0, 0.5, 1.5 ], "enabled": false },
				"up": { "texture": "#machinery-border-small", "uv": [ 1.5, 0.0, 13.5, 0.5 ] },
				"down": { "texture": "#machinery-border-small", "uv": [ 1.5, 0.0, 13.5, 0.5 ] }
			},
			"children": [
				{
					"name": "Cube60",
					"from": [ 0.0, 4.0, 0.0 ], 
					"to": [ 12.0, 5.5, 0.5 ], 
					"rotationOrigin": [ -1.0, 4.0, -0.24 ],
					"rotationX": 1.610576971724923E-13,
					"faces": {
						"north": { "texture": "#machinery-border-small", "uv": [ 0.0, 0.0, 16.0, 3.0 ], "autoUv": false },
						"east": { "texture": "#machinery-border-small", "uv": [ 0.0, 0.0, 0.5, 1.5 ], "enabled": false },
						"south": { "texture": "#machinery-border-small", "uv": [ 0.0, 0.0, 16.0, 3.0 ], "autoUv": false },
						"west": { "texture": "#machinery-border-small", "uv": [ 0.0, 0.0, 0.5, 1.5 ], "enabled": false },
						"up": { "texture": "#machinery-border-small", "uv": [ 1.5, 0.0, 13.5, 0.5 ] },
						"down": { "texture": "#machinery-border-small", "uv": [ 1.5, 0.0, 13.5, 0.5 ] }
					}
				}
			]
		},
		{
			"name": "Support 2",
			"from": [ 2.0, 7.0, 1.243 ], 
			"to": [ 14.0, 8.5, 1.743 ], 
			"rotationOrigin": [ 1.0, 7.0, 1.0 ],
			"rotationX": 81.24773413992406,
			"rotationY": -89.96573104022525,
			"rotationZ": 81.24773413992406,
			"faces": {
				"north": { "texture": "#machinery-border-small", "uv": [ 0.0, 0.0, 16.0, 3.0 ], "autoUv": false },
				"east": { "texture": "#machinery-border-small", "uv": [ 0.0, 0.0, 0.5, 1.5 ], "enabled": false },
				"south": { "texture": "#machinery-border-small", "uv": [ 0.0, 0.0, 16.0, 3.0 ], "autoUv": false },
				"west": { "texture": "#machinery-border-small", "uv": [ 0.0, 0.0, 0.5, 1.5 ], "enabled": false },
				"up": { "texture": "#machinery-border-small", "uv": [ 1.5, 0.0, 13.5, 0.5 ] },
				"down": { "texture": "#machinery-border-small", "uv": [ 1.5, 0.0, 13.5, 0.5 ] }
			},
			"children": [
				{
					"name": "Cube65",
					"from": [ 0.0, 4.0, 0.0 ], 
					"to": [ 12.0, 5.5, 0.5 ], 
					"rotationOrigin": [ -1.0, 4.0, -0.24 ],
					"rotationX": 1.610576971724923E-13,
					"faces": {
						"north": { "texture": "#machinery-border-small", "uv": [ 0.0, 0.0, 16.0, 3.0 ], "autoUv": false },
						"east": { "texture": "#machinery-border-small", "uv": [ 0.0, 0.0, 0.5, 1.5 ], "enabled": false },
						"south": { "texture": "#machinery-border-small", "uv": [ 0.0, 0.0, 16.0, 3.0 ], "autoUv": false },
						"west": { "texture": "#machinery-border-small", "uv": [ 0.0, 0.0, 0.5, 1.5 ], "enabled": false },
						"up": { "texture": "#machinery-border-small", "uv": [ 1.5, 0.0, 13.5, 0.5 ] },
						"down": { "texture": "#machinery-border-small", "uv": [ 1.5, 0.0, 13.5, 0.5 ] }
					}
				}
			]
		},
		{
			"name": "Support 1",
			"from": [ 17.0, 7.0, 1.2443 ], 
			"to": [ 29.0, 8.5, 1.7443 ], 
			"rotationOrigin": [ 16.0, 7.0, 1.0 ],
			"rotationX": 81.24773413992406,
			"rotationY": -89.96573104022525,
			"rotationZ": 81.24773413992406,
			"faces": {
				"north": { "texture": "#machinery-border-small", "uv": [ 0.0, 0.0, 16.0, 3.0 ], "autoUv": false },
				"east": { "texture": "#machinery-border-small", "uv": [ 0.0, 0.0, 0.5, 1.5 ], "enabled": false },
				"south": { "texture": "#machinery-border-small", "uv": [ 0.0, 0.0, 16.0, 3.0 ], "autoUv": false },
				"west": { "texture": "#machinery-border-small", "uv": [ 0.0, 0.0, 0.5, 1.5 ], "enabled": false },
				"up": { "texture": "#machinery-border-small", "uv": [ 1.5, 0.0, 13.5, 0.5 ] },
				"down": { "texture": "#machinery-border-small", "uv": [ 1.5, 0.0, 13.5, 0.5 ] }
			},
			"children": [
				{
					"name": "Cube63",
					"from": [ 0.0, 4.0, 0.0 ], 
					"to": [ 12.0, 5.5, 0.5 ], 
					"rotationOrigin": [ -1.0, 4.0, -0.24 ],
					"rotationX": 1.610576971724923E-13,
					"faces": {
						"north": { "texture": "#machinery-border-small", "uv": [ 0.0, 0.0, 16.0, 3.0 ], "autoUv": false },
						"east": { "texture": "#machinery-border-small", "uv": [ 0.0, 0.0, 0.5, 1.5 ], "enabled": false },
						"south": { "texture": "#machinery-border-small", "uv": [ 0.0, 0.0, 16.0, 3.0 ], "autoUv": false },
						"west": { "texture": "#machinery-border-small", "uv": [ 0.0, 0.0, 0.5, 1.5 ], "enabled": false },
						"up": { "texture": "#machinery-border-small", "uv": [ 1.5, 0.0, 13.5, 0.5 ] },
						"down": { "texture": "#machinery-border-small", "uv": [ 1.5, 0.0, 13.5, 0.5 ] }
					}
				}
			]
		},
		{
			"name": "Shaft Origin N",
			"from": [ 16.9998, 14.001, 10.0014 ], 
			"to": [ 16.9998, 14.001, 10.0014 ], 
			"rotationOrigin": [ 17.0, 15.0, 8.0 ],
			"rotationX": 81.29771416636662,
			"rotationY": -89.9802127184967,
			"rotationZ": 81.29771416636662,
			"faces": {
				"north": { "texture": "#machinery-border-small", "uv": [ 0.0, 0.0, 0.5, 0.5 ], "enabled": false },
				"east": { "texture": "#machinery-border-small", "uv": [ 0.0, 0.0, 0.5, 0.5 ], "enabled": false },
				"south": { "texture": "#machinery-border-small", "uv": [ 0.0, 0.0, 0.5, 0.5 ], "enabled": false },
				"west": { "texture": "#machinery-border-small", "uv": [ 0.0, 0.0, 0.5, 0.5 ], "enabled": false },
				"up": { "texture": "#machinery-border-small", "uv": [ 0.0, 0.0, 0.5, 0.5 ], "enabled": false },
				"down": { "texture": "#machinery-border-small", "uv": [ 0.0, 0.0, 0.5, 0.5 ], "enabled": false }
			},
			"children": [
				{
					"name": "ShaftCap 6",
					"from": [ -1.5, -1.0, -1.0 ], 
					"to": [ 1.5, -0.5, 5.5 ], 
					"rotationOrigin": [ -2.0, -1.0, -1.0 ],
					"faces": {
						"north": { "texture": "#machinery-border-small", "uv": [ 0.0, 6.0, 15.5, 6.5 ], "autoUv": false },
						"east": { "texture": "#machinery-border-small", "uv": [ 0.0, 6.0, 16.0, 6.5 ], "autoUv": false },
						"south": { "texture": "#machinery-border-small", "uv": [ 0.0, 6.0, 16.0, 6.5 ], "autoUv": false },
						"west": { "texture": "#machinery-border-small", "uv": [ 0.0, 6.0, 16.0, 6.5 ], "rotation": 180, "autoUv": false },
						"up": { "texture": "#machinery-border-small", "uv": [ 0.0, 9.5, 3.5, 16.0 ], "autoUv": false },
						"down": { "texture": "#machinery-border-small", "uv": [ 0.0, 9.5, 3.5, 16.0 ], "autoUv": false }
					}
				},
				{
					"name": "ShaftCap 8",
					"from": [ -1.5, 1.5, -1.0 ], 
					"to": [ 1.5, 2.0, 5.5 ], 
					"rotationOrigin": [ -2.0, 1.0, -1.0 ],
					"faces": {
						"north": { "texture": "#machinery-border-small", "uv": [ 0.0, 3.0, 16.0, 3.5 ], "autoUv": false },
						"east": { "texture": "#machinery-border-small", "uv": [ 0.0, 3.0, 16.0, 3.5 ], "autoUv": false },
						"south": { "texture": "#machinery-border-small", "uv": [ 0.0, 6.0, 16.0, 6.5 ], "autoUv": false },
						"west": { "texture": "#machinery-border-small", "uv": [ 0.0, 6.0, 16.0, 6.5 ], "autoUv": false },
						"up": { "texture": "#machinery-border-small", "uv": [ 0.0, 0.0, 16.0, 16.0 ], "enabled": false, "autoUv": false },
						"down": { "texture": "#machinery-border-small", "uv": [ 0.0, 9.5, 3.5, 16.0 ], "autoUv": false }
					}
				},
				{
					"name": "ShaftCap 5",
					"from": [ -1.5, -0.5, 5.0 ], 
					"to": [ 1.5, 1.5, 5.5 ], 
					"rotationOrigin": [ -1.0, 0.0, 4.0 ],
					"faces": {
						"north": { "texture": "#machinery-border-small", "uv": [ 0.0, 11.0, 3.5, 13.0 ], "autoUv": false },
						"east": { "texture": "#machinery-border-small", "uv": [ 0.0, 3.0, 0.5, 5.0 ] },
						"south": { "texture": "#machinery-border-small", "uv": [ 0.0, 11.0, 3.5, 13.0 ], "autoUv": false },
						"west": { "texture": "#machinery-border-small", "uv": [ 0.0, 3.0, 0.5, 5.0 ] },
						"up": { "texture": "#machinery-border-small", "uv": [ 0.0, 0.0, 3.0, 0.5 ], "enabled": false },
						"down": { "texture": "#machinery-border-small", "uv": [ 0.0, 0.0, 3.0, 0.5 ], "enabled": false }
					}
				},
				{
					"name": "Main Shaft 2",
					"from": [ 0.0, 0.5, 0.5 ], 
					"to": [ 0.0, 0.5, 0.5 ], 
					"rotationOrigin": [ 0.0, 0.5, 0.5 ],
					"faces": {
						"north": { "texture": "#castiron-bar", "uv": [ 0.0, 0.0, 0.5, 0.5 ], "enabled": false },
						"east": { "texture": "#castiron-bar", "uv": [ 0.0, 0.0, 0.5, 0.5 ], "enabled": false },
						"south": { "texture": "#castiron-bar", "uv": [ 0.0, 0.0, 0.5, 0.5 ], "enabled": false },
						"west": { "texture": "#castiron-bar", "uv": [ 0.0, 0.0, 0.5, 0.5 ], "enabled": false },
						"up": { "texture": "#castiron-bar", "uv": [ 0.0, 0.0, 0.5, 0.5 ], "enabled": false },
						"down": { "texture": "#castiron-bar", "uv": [ 0.0, 0.0, 0.5, 0.5 ], "enabled": false }
					},
					"children": [
						{
							"name": "Shaft 2",
							"from": [ -0.5, -0.125, -1.0 ], 
							"to": [ 0.0, 0.375, 6.0 ], 
							"rotationOrigin": [ 0.0, 0.375, -1.5 ],
							"rotationX": 1.610576971724923E-13,
							"rotationY": 6.671227758830218E-14,
							"rotationZ": 44.999992699547086,
							"faces": {
								"north": { "texture": "#castiron-bar", "uv": [ 0.0, 0.0, 0.5, 0.5 ] },
								"east": { "texture": "#castiron-bar", "uv": [ 0.0, 0.0, 0.5, 7.0 ], "rotation": 90 },
								"south": { "texture": "#castiron-bar", "uv": [ 0.0, 0.0, 0.5, 0.5 ] },
								"west": { "texture": "#castiron-bar", "uv": [ 0.0, 0.0, 0.5, 7.0 ], "rotation": 90 },
								"up": { "texture": "#castiron-bar", "uv": [ 0.0, 0.0, 7.0, 0.5 ], "rotation": 90 },
								"down": { "texture": "#castiron-bar", "uv": [ 0.0, 0.0, 0.5, 7.0 ] }
							},
							"children": [
								{
									"name": "Winding 4",
									"from": [ -0.75, 0.0, 0.5 ], 
									"to": [ 1.25, 0.5, 5.0 ], 
									"rotationOrigin": [ -0.75, 0.25, 0.5 ],
									"faces": {
										"north": { "texture": "#castiron-bar", "uv": [ 7.0, 5.5, 9.0, 6.0 ] },
										"east": { "texture": "#castiron-bar", "uv": [ 6.5, 6.0, 11.0, 6.5 ] },
										"south": { "texture": "#castiron-bar", "uv": [ 6.5, 4.0, 8.5, 4.5 ] },
										"west": { "texture": "#castiron-bar", "uv": [ 6.5, 7.0, 11.0, 7.5 ] },
										"up": { "texture": "#castiron-bar", "uv": [ 4.5, 1.0, 6.5, 5.5 ] },
										"down": { "texture": "#castiron-bar", "uv": [ 5.0, 1.0, 7.0, 5.5 ] }
									}
								},
								{
									"name": "Winding3",
									"from": [ 0.25, -1.0, 0.5 ], 
									"to": [ 2.25, -0.5, 5.0 ], 
									"rotationOrigin": [ 0.25, -0.75, 0.5 ],
									"rotationZ": 90.0,
									"faces": {
										"north": { "texture": "#castiron-bar", "uv": [ 6.0, 3.5, 8.0, 4.0 ] },
										"east": { "texture": "#castiron-bar", "uv": [ 8.5, 6.0, 13.0, 6.5 ] },
										"south": { "texture": "#castiron-bar", "uv": [ 7.0, 6.5, 9.0, 7.0 ] },
										"west": { "texture": "#castiron-bar", "uv": [ 8.5, 6.0, 13.0, 6.5 ] },
										"up": { "texture": "#castiron-bar", "uv": [ 7.5, 0.5, 9.5, 5.0 ] },
										"down": { "texture": "#castiron-bar", "uv": [ 8.0, 1.5, 10.0, 6.0 ] }
									}
								}
							]
						}
					]
				},
				{
					"name": "ShaftCap 7",
					"from": [ -1.5, -0.5, -1.0 ], 
					"to": [ 1.5, 1.5, -0.5 ], 
					"rotationOrigin": [ -1.0, 0.0, -2.0 ],
					"faces": {
						"north": { "texture": "#machinery-border-small", "uv": [ 0.0, 11.0, 3.5, 13.0 ], "autoUv": false },
						"east": { "texture": "#machinery-border-small", "uv": [ 0.0, 3.0, 0.5, 5.0 ] },
						"south": { "texture": "#machinery-border-small", "uv": [ 0.0, 11.0, 3.5, 13.0 ], "autoUv": false },
						"west": { "texture": "#machinery-border-small", "uv": [ 0.0, 3.0, 0.5, 5.0 ] },
						"up": { "texture": "#machinery-border-small", "uv": [ 0.0, 0.0, 3.0, 0.5 ], "enabled": false },
						"down": { "texture": "#machinery-border-small", "uv": [ 0.0, 0.0, 3.0, 0.5 ], "enabled": false }
					}
				}
			]
		},
		{
			"name": "Shaft Origin S",
			"from": [ -0.9989, 13.9928, 9.9986 ], 
			"to": [ -0.9989, 13.9928, 9.9986 ], 
			"rotationOrigin": [ -1.0, 15.0, 8.0 ],
			"rotationX": -81.29771229010699,
			"rotationY": 89.9802127184967,
			"rotationZ": 81.29771229010699,
			"faces": {
				"north": { "texture": "#machinery-border-small", "uv": [ 0.0, 0.0, 0.5, 0.5 ], "enabled": false },
				"east": { "texture": "#machinery-border-small", "uv": [ 0.0, 0.0, 0.5, 0.5 ], "enabled": false },
				"south": { "texture": "#machinery-border-small", "uv": [ 0.0, 0.0, 0.5, 0.5 ], "enabled": false },
				"west": { "texture": "#machinery-border-small", "uv": [ 0.0, 0.0, 0.5, 0.5 ], "enabled": false },
				"up": { "texture": "#machinery-border-small", "uv": [ 0.0, 0.0, 0.5, 0.5 ], "enabled": false },
				"down": { "texture": "#machinery-border-small", "uv": [ 0.0, 0.0, 0.5, 0.5 ], "enabled": false }
			},
			"children": [
				{
					"name": "Base47",
					"from": [ -1.5, -1.0, -1.0 ], 
					"to": [ 1.5, -0.5, 5.5 ], 
					"rotationOrigin": [ -2.0, -1.0, -1.0 ],
					"faces": {
						"north": { "texture": "#machinery-border-small", "uv": [ 0.0, 6.0, 15.5, 6.5 ], "autoUv": false },
						"east": { "texture": "#machinery-border-small", "uv": [ 0.0, 6.0, 16.0, 6.5 ], "autoUv": false },
						"south": { "texture": "#machinery-border-small", "uv": [ 0.0, 6.0, 16.0, 6.5 ], "autoUv": false },
						"west": { "texture": "#machinery-border-small", "uv": [ 0.0, 6.0, 16.0, 6.5 ], "rotation": 180, "autoUv": false },
						"up": { "texture": "#machinery-border-small", "uv": [ 0.0, 9.5, 3.5, 16.0 ], "autoUv": false },
						"down": { "texture": "#machinery-border-small", "uv": [ 0.0, 9.5, 3.5, 16.0 ], "autoUv": false }
					}
				},
				{
					"name": "Base48",
					"from": [ -1.5, 1.5, -1.0 ], 
					"to": [ 1.5, 2.0, 5.5 ], 
					"rotationOrigin": [ -2.0, 1.0, -1.0 ],
					"faces": {
						"north": { "texture": "#machinery-border-small", "uv": [ 0.0, 3.0, 16.0, 3.5 ], "autoUv": false },
						"east": { "texture": "#machinery-border-small", "uv": [ 0.0, 3.0, 16.0, 3.5 ], "autoUv": false },
						"south": { "texture": "#machinery-border-small", "uv": [ 0.0, 6.0, 16.0, 6.5 ], "autoUv": false },
						"west": { "texture": "#machinery-border-small", "uv": [ 0.0, 6.0, 16.0, 6.5 ], "autoUv": false },
						"up": { "texture": "#machinery-border-small", "uv": [ 0.0, 0.0, 16.0, 16.0 ], "enabled": false, "autoUv": false },
						"down": { "texture": "#machinery-border-small", "uv": [ 0.0, 9.5, 3.5, 16.0 ], "autoUv": false }
					}
				},
				{
					"name": "ShaftCap49",
					"from": [ -1.5, -0.5, 5.0 ], 
					"to": [ 1.5, 1.5, 5.5 ], 
					"rotationOrigin": [ -1.0, 0.0, 4.0 ],
					"faces": {
						"north": { "texture": "#machinery-border-small", "uv": [ 0.0, 11.0, 3.5, 13.0 ], "autoUv": false },
						"east": { "texture": "#machinery-border-small", "uv": [ 0.0, 3.0, 0.5, 5.0 ] },
						"south": { "texture": "#machinery-border-small", "uv": [ 0.0, 11.0, 3.5, 13.0 ], "autoUv": false },
						"west": { "texture": "#machinery-border-small", "uv": [ 0.0, 3.0, 0.5, 5.0 ] },
						"up": { "texture": "#machinery-border-small", "uv": [ 0.0, 0.0, 3.0, 0.5 ], "enabled": false },
						"down": { "texture": "#machinery-border-small", "uv": [ 0.0, 0.0, 3.0, 0.5 ], "enabled": false }
					}
				},
				{
					"name": "Main Shaft 50",
					"from": [ 0.0, 0.5, 0.5 ], 
					"to": [ 0.0, 0.5, 0.5 ], 
					"rotationOrigin": [ 0.0, 0.5, 0.5 ],
					"faces": {
						"north": { "texture": "#castiron-bar", "uv": [ 0.0, 0.0, 0.5, 0.5 ], "enabled": false },
						"east": { "texture": "#castiron-bar", "uv": [ 0.0, 0.0, 0.5, 0.5 ], "enabled": false },
						"south": { "texture": "#castiron-bar", "uv": [ 0.0, 0.0, 0.5, 0.5 ], "enabled": false },
						"west": { "texture": "#castiron-bar", "uv": [ 0.0, 0.0, 0.5, 0.5 ], "enabled": false },
						"up": { "texture": "#castiron-bar", "uv": [ 0.0, 0.0, 0.5, 0.5 ], "enabled": false },
						"down": { "texture": "#castiron-bar", "uv": [ 0.0, 0.0, 0.5, 0.5 ], "enabled": false }
					},
					"children": [
						{
							"name": "shaft51",
							"from": [ -0.5, -0.125, -1.0 ], 
							"to": [ 0.0, 0.375, 6.0 ], 
							"rotationOrigin": [ 0.0, 0.375, -1.5 ],
							"rotationX": 1.610576971724923E-13,
							"rotationY": 6.671227758830218E-14,
							"rotationZ": 44.999992699547086,
							"faces": {
								"north": { "texture": "#castiron-bar", "uv": [ 0.0, 0.0, 0.5, 0.5 ] },
								"east": { "texture": "#castiron-bar", "uv": [ 0.0, 0.0, 0.5, 7.0 ], "rotation": 90 },
								"south": { "texture": "#castiron-bar", "uv": [ 0.0, 0.0, 0.5, 0.5 ] },
								"west": { "texture": "#castiron-bar", "uv": [ 0.0, 0.0, 0.5, 7.0 ], "rotation": 90 },
								"up": { "texture": "#castiron-bar", "uv": [ 0.0, 0.0, 7.0, 0.5 ], "rotation": 90 },
								"down": { "texture": "#castiron-bar", "uv": [ 0.0, 0.0, 0.5, 7.0 ] }
							},
							"children": [
								{
									"name": "Winding52",
									"from": [ -0.75, 0.0, 0.5 ], 
									"to": [ 1.25, 0.5, 5.0 ], 
									"rotationOrigin": [ -0.75, 0.25, 0.5 ],
									"faces": {
										"north": { "texture": "#castiron-bar", "uv": [ 6.5, 4.5, 8.5, 5.0 ] },
										"east": { "texture": "#castiron-bar", "uv": [ 5.5, 5.0, 10.0, 5.5 ] },
										"south": { "texture": "#castiron-bar", "uv": [ 4.5, 13.5, 6.5, 14.0 ] },
										"west": { "texture": "#castiron-bar", "uv": [ 6.5, 7.0, 11.0, 7.5 ] },
										"up": { "texture": "#castiron-bar", "uv": [ 4.0, 0.0, 6.0, 4.5 ] },
										"down": { "texture": "#castiron-bar", "uv": [ 4.0, 0.0, 6.0, 4.5 ] }
									}
								},
								{
									"name": "Winding53",
									"from": [ 0.25, -1.0, 0.5 ], 
									"to": [ 2.25, -0.5, 5.0 ], 
									"rotationOrigin": [ 0.25, -0.75, 0.5 ],
									"rotationZ": 90.0,
									"faces": {
										"north": { "texture": "#castiron-bar", "uv": [ 6.0, 6.5, 8.0, 7.0 ] },
										"east": { "texture": "#castiron-bar", "uv": [ 9.5, 4.5, 14.0, 5.0 ] },
										"south": { "texture": "#castiron-bar", "uv": [ 7.5, 5.0, 9.5, 5.5 ] },
										"west": { "texture": "#castiron-bar", "uv": [ 8.0, 6.0, 12.5, 6.5 ] },
										"up": { "texture": "#castiron-bar", "uv": [ 5.0, 0.5, 7.0, 5.0 ] },
										"down": { "texture": "#castiron-bar", "uv": [ 5.0, 0.5, 7.0, 5.0 ] }
									}
								}
							]
						}
					]
				},
				{
					"name": "ShaftCap54",
					"from": [ -1.5, -0.5, -1.0 ], 
					"to": [ 1.5, 1.5, -0.5 ], 
					"rotationOrigin": [ -1.0, 0.0, -2.0 ],
					"faces": {
						"north": { "texture": "#machinery-border-small", "uv": [ 0.0, 11.0, 3.5, 13.0 ], "autoUv": false },
						"east": { "texture": "#machinery-border-small", "uv": [ 0.0, 3.0, 0.5, 5.0 ] },
						"south": { "texture": "#machinery-border-small", "uv": [ 0.0, 11.0, 3.5, 13.0 ], "autoUv": false },
						"west": { "texture": "#machinery-border-small", "uv": [ 0.0, 3.0, 0.5, 5.0 ] },
						"up": { "texture": "#machinery-border-small", "uv": [ 0.0, 0.0, 3.0, 0.5 ], "enabled": false },
						"down": { "texture": "#machinery-border-small", "uv": [ 0.0, 0.0, 3.0, 0.5 ], "enabled": false }
					}
				}
			]
		}
	],
	"animations": [
		{
			"name": "process",
			"code": "process",
			"quantityframes": 130,
			"onActivityStopped": "Rewind",
			"onAnimationEnd": "Stop",
			"keyframes": [
				{
					"frame": 0,
					"elements": {
						"Press": { "offsetX": 0.0, "offsetY": 0.0, "offsetZ": 0.0 },
						"Shaft Origin N": {  },
						"Main Shaft 2": { "rotationX": 0.0, "rotationY": 0.0, "rotationZ": -180.0 },
						"Shaft Origin S": {  },
						"Main Shaft 50": { "rotationX": 0.0, "rotationY": 0.0, "rotationZ": 180.0 }
					}
				},
				{
					"frame": 15,
					"elements": {
						"Press": { "offsetX": 0.0, "offsetY": -1.0, "offsetZ": 0.0 },
						"Press Plate Shaft Middle": { "offsetX": 0.0, "offsetY": 0.0, "offsetZ": 0.0 },
						"Shaft Origin N": {  },
						"Main Shaft 2": { "rotationX": 0.0, "rotationY": 0.0, "rotationZ": -135.0 },
						"Shaft Origin S": {  },
						"Main Shaft 50": { "rotationX": 0.0, "rotationY": 0.0, "rotationZ": 135.0 }
					}
				},
				{
					"frame": 35,
					"elements": {
						"Press": {  },
						"Press Plate Shaft Middle": { "offsetX": 0.0, "offsetY": 0.7, "offsetZ": 0.0 },
						"Shaft Origin S": {  },
						"Main Shaft 50": { "rotationX": 0.0, "rotationY": 0.0, "rotationZ": 90.0 },
						"Shaft Origin N": {  },
						"Main Shaft 2": { "rotationX": 0.0, "rotationY": 0.0, "rotationZ": -90.0 }
					}
				},
				{
					"frame": 45,
					"elements": {
						"Shaft Origin S": {  },
						"Main Shaft 50": { "rotationX": 0.0, "rotationY": 0.0, "rotationZ": 45.0 },
						"Shaft Origin N": {  },
						"Main Shaft 2": { "rotationX": 0.0, "rotationY": 0.0, "rotationZ": -45.0 }
					}
				},
				{
					"frame": 60,
					"elements": {
						"Shaft Origin S": {  },
						"Main Shaft 50": { "rotationX": 0.0, "rotationY": 0.0, "rotationZ": 22.5 },
						"Shaft Origin N": {  },
						"Main Shaft 2": { "rotationX": 0.0, "rotationY": 0.0, "rotationZ": -22.5 }
					}
				},
				{
					"frame": 90,
					"elements": {
						"Press": { "offsetX": 0.0, "offsetY": -6.0, "offsetZ": 0.0 },
						"Press Plate Shaft Middle": { "offsetX": 0.0, "offsetY": 5.9, "offsetZ": 0.0 },
						"Shaft Origin N": {  },
						"Main Shaft 2": { "rotationX": 0.0, "rotationY": 0.0, "rotationZ": 0.0 },
						"Shaft Origin S": {  },
						"Main Shaft 50": { "rotationX": 0.0, "rotationY": 0.0, "rotationZ": 0.0 }
					}
				},
				{
					"frame": 110,
					"elements": {
						"Press": { "offsetX": 0.0, "offsetY": -6.0, "offsetZ": 0.0 },
						"Press Plate Shaft Middle": { "offsetX": 0.0, "offsetY": 5.9, "offsetZ": 0.0 },
						"Shaft Origin N": {  },
						"Main Shaft 2": { "rotationX": 0.0, "rotationY": 0.0, "rotationZ": 0.0 },
						"Shaft Origin S": {  },
						"Main Shaft 50": { "rotationX": 0.0, "rotationY": 0.0, "rotationZ": 0.0 }
					}
				},
				{
					"frame": 114,
					"elements": {
						"Press": { "offsetX": 0.0, "offsetY": -6.0, "offsetZ": 0.0 },
						"Press Plate Shaft Middle": { "offsetX": 0.0, "offsetY": 5.9, "offsetZ": 0.0 },
						"Shaft Origin N": {  },
						"Main Shaft 2": { "rotationX": 0.0, "rotationY": 0.0, "rotationZ": 0.0 },
						"Shaft Origin S": {  },
						"Main Shaft 50": { "rotationX": 0.0, "rotationY": 0.0, "rotationZ": 0.0 }
					}
				}
			]
		}
	]
}