{
	"editor": {
		"allAngles": false,
		"entityTextureMode": false
	},
	"textureWidth": 16,
	"textureHeight": 16,
	"textureSizes": {
	},
	"textures": {
		"bricks": "C:/Users/andy-/AppData/Roaming/Vintagestory/assets/survival/textures/block/stone/brick/granite1",
		"log": "C:/Users/andy-/AppData/Roaming/Vintagestory/assets/survival/textures/block/wood/firepit/log"
	},
	"elements": [
		{
			"name": "wood supports",
			"from": [ -1.0, -1.2899, 14.8213 ], 
			"to": [ -1.0, -1.2899, 14.8213 ], 
			"rotationOrigin": [ -1.0, -1.2899, 14.8213 ],
			"rotationX": -44.999992699547086,
			"faces": {
				"north": { "texture": "#log", "uv": [ 0.0, 0.0, 0.5, 0.5 ] },
				"east": { "texture": "#log", "uv": [ 0.0, 0.0, 0.5, 0.5 ] },
				"south": { "texture": "#log", "uv": [ 0.0, 0.0, 0.5, 0.5 ] },
				"west": { "texture": "#log", "uv": [ 0.0, 0.0, 0.5, 0.5 ] },
				"up": { "texture": "#log", "uv": [ 0.0, 0.0, 0.5, 0.5 ] },
				"down": { "texture": "#log", "uv": [ 0.0, 0.0, 0.5, 0.5 ] }
			}
		},
		{
			"name": "wood support left middle",
			"from": [ 0.2, 14.0, -1.0 ], 
			"to": [ 22.5, 16.0, 0.0 ], 
			"rotationOrigin": [ -0.5, 14.0, -1.0 ],
			"rotationZ": -45.0,
			"faces": {
				"north": { "texture": "#log", "uv": [ 0.0, 1.0, 16.0, 2.5 ], "autoUv": false },
				"east": { "texture": "#log", "uv": [ 14.0, 14.0, 16.0, 16.0 ], "rotation": 90, "autoUv": false },
				"south": { "texture": "#log", "uv": [ 0.0, 3.5, 16.0, 5.5 ], "autoUv": false },
				"west": { "texture": "#log", "uv": [ 14.0, 14.0, 16.0, 16.0 ], "rotation": 90, "autoUv": false },
				"up": { "texture": "#log", "uv": [ 0.0, 2.0, 16.0, 3.0 ], "autoUv": false },
				"down": { "texture": "#log", "uv": [ 0.0, 1.5, 16.0, 2.5 ], "autoUv": false }
			}
		},
		{
			"name": "wood support  left",
			"from": [ -1.0, -3.1, 16.0 ], 
			"to": [ 0.0, 19.2, 18.0 ], 
			"rotationOrigin": [ -0.5, -3.0, 15.0 ],
			"rotationX": -44.999992699547086,
			"faces": {
				"north": { "texture": "#log", "uv": [ 0.0, 1.0, 16.0, 2.5 ], "rotation": 90, "autoUv": false },
				"east": { "texture": "#log", "uv": [ 0.0, 1.0, 16.0, 2.5 ], "rotation": 90, "autoUv": false },
				"south": { "texture": "#log", "uv": [ 0.0, 3.0, 16.0, 4.5 ], "rotation": 90, "autoUv": false },
				"west": { "texture": "#log", "uv": [ 0.0, 1.5, 16.0, 3.0 ], "rotation": 90, "autoUv": false },
				"up": { "texture": "#log", "uv": [ 14.0, 14.0, 16.0, 16.0 ], "autoUv": false },
				"down": { "texture": "#log", "uv": [ 14.0, 14.0, 16.0, 16.0 ], "autoUv": false }
			}
		},
		{
			"name": "wood middle",
			"from": [ 17.0, -2.0, 14.1 ], 
			"to": [ 19.0, 25.5, 16.6 ], 
			"rotationOrigin": [ 16.0, -2.0, 14.0 ],
			"rotationY": -45.0,
			"rotationZ": 55.0,
			"faces": {
				"north": { "texture": "#log", "uv": [ 0.0, 0.0, 15.5, 1.5 ], "rotation": 90, "autoUv": false },
				"east": { "texture": "#log", "uv": [ 0.0, 0.0, 16.0, 3.0 ], "rotation": 90, "autoUv": false },
				"south": { "texture": "#log", "uv": [ 0.0, 0.0, 16.0, 1.5 ], "rotation": 90, "autoUv": false },
				"west": { "texture": "#log", "uv": [ 0.0, 0.0, 16.0, 2.0 ], "rotation": 90, "autoUv": false },
				"up": { "texture": "#log", "uv": [ 0.0, 0.0, 2.0, 2.5 ] },
				"down": { "texture": "#log", "uv": [ 0.0, 0.0, 2.0, 2.5 ] }
			}
		},
		{
			"name": "Insides",
			"from": [ 0.0, 0.3, 15.1 ], 
			"to": [ 0.0, 0.3, 15.1 ], 
			"rotationOrigin": [ 0.0, -0.0101, 15.4 ],
			"rotationX": -44.99999028471095,
			"faces": {
				"north": { "texture": "#bricks", "uv": [ 0.0, 0.0, 0.5, 0.5 ], "enabled": false },
				"east": { "texture": "#bricks", "uv": [ 0.0, 0.0, 0.5, 0.5 ], "enabled": false },
				"south": { "texture": "#bricks", "uv": [ 0.0, 0.0, 0.5, 0.5 ], "enabled": false },
				"west": { "texture": "#bricks", "uv": [ 0.0, 0.0, 0.5, 0.5 ], "enabled": false },
				"up": { "texture": "#bricks", "uv": [ 0.0, 0.0, 0.5, 0.5 ], "enabled": false },
				"down": { "texture": "#bricks", "uv": [ 0.0, 0.0, 0.5, 0.5 ], "enabled": false }
			},
			"children": [
				{
					"name": "Inside 1",
					"from": [ 0.0, 0.0, 0.0 ], 
					"to": [ 2.0, 19.0, 0.0 ], 
					"rotationOrigin": [ 0.5, -0.4, -1.0 ],
					"rotationX": -1.7075471987482165E-6,
					"faces": {
						"north": { "texture": "#log", "uv": [ 0.0, 0.0, 16.0, 2.0 ], "rotation": 90, "autoUv": false },
						"east": { "texture": "#log", "uv": [ 0.0, 1.0, 16.0, 2.5 ], "rotation": 90, "enabled": false, "autoUv": false },
						"south": { "texture": "#log", "uv": [ 0.0, 0.0, 16.0, 2.0 ], "rotation": 90, "autoUv": false },
						"west": { "texture": "#log", "uv": [ 0.0, 1.5, 16.0, 3.0 ], "rotation": 90, "enabled": false, "autoUv": false },
						"up": { "texture": "#log", "uv": [ 14.0, 14.0, 16.0, 16.0 ], "enabled": false, "autoUv": false },
						"down": { "texture": "#log", "uv": [ 14.0, 14.0, 16.0, 16.0 ], "enabled": false, "autoUv": false }
					}
				},
				{
					"name": "Inside 2",
					"from": [ 2.0, 0.0, 0.0 ], 
					"to": [ 4.0, 16.5, 0.0 ], 
					"rotationOrigin": [ 2.5, -0.4, -1.0 ],
					"rotationX": -1.7075471987482165E-6,
					"faces": {
						"north": { "texture": "#log", "uv": [ 0.0, 2.0, 16.0, 4.0 ], "rotation": 90, "autoUv": false },
						"east": { "texture": "#log", "uv": [ 0.0, 1.0, 16.0, 2.5 ], "rotation": 90, "enabled": false, "autoUv": false },
						"south": { "texture": "#log", "uv": [ 0.0, 2.0, 16.0, 4.0 ], "rotation": 90, "autoUv": false },
						"west": { "texture": "#log", "uv": [ 0.0, 1.5, 16.0, 3.0 ], "rotation": 90, "enabled": false, "autoUv": false },
						"up": { "texture": "#log", "uv": [ 14.0, 14.0, 16.0, 16.0 ], "enabled": false, "autoUv": false },
						"down": { "texture": "#log", "uv": [ 14.0, 14.0, 16.0, 16.0 ], "enabled": false, "autoUv": false }
					}
				},
				{
					"name": "Inside 3",
					"from": [ 4.0, 0.0, 0.0 ], 
					"to": [ 6.0, 13.5, 0.0 ], 
					"rotationOrigin": [ 4.5, -0.4, -1.0 ],
					"rotationX": -1.7075471987482165E-6,
					"faces": {
						"north": { "texture": "#log", "uv": [ 0.0, 4.0, 13.5, 6.0 ], "rotation": 90 },
						"east": { "texture": "#log", "uv": [ 0.0, 1.0, 16.0, 2.5 ], "rotation": 90, "enabled": false, "autoUv": false },
						"south": { "texture": "#log", "uv": [ 0.0, 4.0, 13.5, 6.0 ], "rotation": 90 },
						"west": { "texture": "#log", "uv": [ 0.0, 1.5, 16.0, 3.0 ], "rotation": 90, "enabled": false, "autoUv": false },
						"up": { "texture": "#log", "uv": [ 14.0, 14.0, 16.0, 16.0 ], "enabled": false, "autoUv": false },
						"down": { "texture": "#log", "uv": [ 14.0, 14.0, 16.0, 16.0 ], "enabled": false, "autoUv": false }
					}
				},
				{
					"name": "Inside 4",
					"from": [ 6.0, 0.0, 0.0 ], 
					"to": [ 8.0, 10.7, 0.0 ], 
					"rotationOrigin": [ 6.5, -0.4, -1.0 ],
					"rotationX": -1.7075471987482165E-6,
					"faces": {
						"north": { "texture": "#log", "uv": [ 0.0, 8.0, 10.5, 10.0 ], "rotation": 90 },
						"east": { "texture": "#log", "uv": [ 0.0, 1.0, 16.0, 2.5 ], "rotation": 90, "enabled": false, "autoUv": false },
						"south": { "texture": "#log", "uv": [ 0.0, 6.0, 10.5, 8.0 ], "rotation": 90 },
						"west": { "texture": "#log", "uv": [ 0.0, 1.5, 16.0, 3.0 ], "rotation": 90, "enabled": false, "autoUv": false },
						"up": { "texture": "#log", "uv": [ 14.0, 14.0, 16.0, 16.0 ], "enabled": false, "autoUv": false },
						"down": { "texture": "#log", "uv": [ 14.0, 14.0, 16.0, 16.0 ], "enabled": false, "autoUv": false }
					}
				},
				{
					"name": "Inside 5",
					"from": [ 8.0, 0.0, 0.0 ], 
					"to": [ 10.0, 8.0, 0.0 ], 
					"rotationOrigin": [ 8.5, -0.4, -1.0 ],
					"rotationX": -1.7075471987482165E-6,
					"faces": {
						"north": { "texture": "#log", "uv": [ 0.0, 1.0, 16.0, 2.5 ], "rotation": 90, "enabled": false, "autoUv": false },
						"east": { "texture": "#log", "uv": [ 0.0, 1.0, 8.0, 1.5 ], "rotation": 90, "enabled": false, "autoUv": false },
						"south": { "texture": "#log", "uv": [ 0.0, 8.0, 8.0, 10.0 ], "rotation": 90 },
						"west": { "texture": "#log", "uv": [ 0.0, 1.5, 16.0, 3.0 ], "rotation": 90, "enabled": false, "autoUv": false },
						"up": { "texture": "#log", "uv": [ 14.0, 14.0, 16.0, 16.0 ], "enabled": false, "autoUv": false },
						"down": { "texture": "#log", "uv": [ 14.0, 14.0, 16.0, 16.0 ], "enabled": false, "autoUv": false }
					}
				},
				{
					"name": "Inside 6",
					"from": [ 10.0, 0.0, 0.0 ], 
					"to": [ 12.0, 5.0, 0.0 ], 
					"rotationOrigin": [ 10.5, -0.4, -1.0 ],
					"rotationX": -1.7075471987482165E-6,
					"faces": {
						"north": { "texture": "#log", "uv": [ 0.0, 1.0, 16.0, 2.5 ], "rotation": 90, "enabled": false, "autoUv": false },
						"east": { "texture": "#log", "uv": [ 0.0, 1.0, 5.0, 1.5 ], "rotation": 90, "enabled": false, "autoUv": false },
						"south": { "texture": "#log", "uv": [ 0.0, 10.0, 5.0, 12.0 ], "rotation": 90 },
						"west": { "texture": "#log", "uv": [ 0.0, 1.5, 16.0, 3.0 ], "rotation": 90, "enabled": false, "autoUv": false },
						"up": { "texture": "#log", "uv": [ 14.0, 14.0, 16.0, 16.0 ], "enabled": false, "autoUv": false },
						"down": { "texture": "#log", "uv": [ 14.0, 14.0, 16.0, 16.0 ], "enabled": false, "autoUv": false }
					}
				},
				{
					"name": "Inside 7",
					"from": [ 12.0, 0.0, 0.0 ], 
					"to": [ 14.0, 3.0, 0.0 ], 
					"rotationOrigin": [ 12.5, -0.4, -1.0 ],
					"rotationX": -1.7075471987482165E-6,
					"faces": {
						"north": { "texture": "#log", "uv": [ 0.0, 1.0, 16.0, 2.5 ], "rotation": 90, "enabled": false, "autoUv": false },
						"east": { "texture": "#log", "uv": [ 0.0, 1.0, 16.0, 2.5 ], "rotation": 90, "enabled": false, "autoUv": false },
						"south": { "texture": "#log", "uv": [ 0.0, 12.0, 3.0, 14.0 ], "rotation": 90 },
						"west": { "texture": "#log", "uv": [ 0.0, 1.5, 16.0, 3.0 ], "rotation": 90, "enabled": false, "autoUv": false },
						"up": { "texture": "#log", "uv": [ 14.0, 14.0, 16.0, 16.0 ], "enabled": false, "autoUv": false },
						"down": { "texture": "#log", "uv": [ 14.0, 14.0, 16.0, 16.0 ], "enabled": false, "autoUv": false }
					}
				}
			]
		},
		{
			"name": "Insides 2",
			"from": [ 15.4, 0.2, -0.16 ], 
			"to": [ 15.4, 0.2, -0.16 ], 
			"rotationOrigin": [ 15.0, 0.5, -0.5757 ],
			"rotationX": 90.0,
			"rotationY": -45.0,
			"rotationZ": 90.0,
			"faces": {
				"north": { "texture": "#bricks", "uv": [ 0.0, 0.0, 0.5, 0.5 ], "enabled": false },
				"east": { "texture": "#bricks", "uv": [ 0.0, 0.0, 0.5, 0.5 ], "enabled": false },
				"south": { "texture": "#bricks", "uv": [ 0.0, 0.0, 0.5, 0.5 ], "enabled": false },
				"west": { "texture": "#bricks", "uv": [ 0.0, 0.0, 0.5, 0.5 ], "enabled": false },
				"up": { "texture": "#bricks", "uv": [ 0.0, 0.0, 0.5, 0.5 ], "enabled": false },
				"down": { "texture": "#bricks", "uv": [ 0.0, 0.0, 0.5, 0.5 ], "enabled": false }
			},
			"children": [
				{
					"name": "Inside 73",
					"from": [ 0.0, 0.0, 0.0 ], 
					"to": [ 2.0, 19.0, 0.0 ], 
					"rotationOrigin": [ 0.5, -0.4, -1.0 ],
					"rotationX": -1.7075471987482165E-6,
					"faces": {
						"north": { "texture": "#log", "uv": [ 0.0, 0.0, 16.0, 2.0 ], "rotation": 90, "autoUv": false },
						"east": { "texture": "#log", "uv": [ 0.0, 1.0, 16.0, 2.5 ], "rotation": 90, "enabled": false, "autoUv": false },
						"south": { "texture": "#log", "uv": [ 0.0, 0.0, 16.0, 2.0 ], "rotation": 90, "enabled": false, "autoUv": false },
						"west": { "texture": "#log", "uv": [ 0.0, 1.5, 16.0, 3.0 ], "rotation": 90, "enabled": false, "autoUv": false },
						"up": { "texture": "#log", "uv": [ 14.0, 14.0, 16.0, 16.0 ], "enabled": false, "autoUv": false },
						"down": { "texture": "#log", "uv": [ 14.0, 14.0, 16.0, 16.0 ], "enabled": false, "autoUv": false }
					}
				},
				{
					"name": "Inside 74",
					"from": [ 2.0, 0.0, 0.0 ], 
					"to": [ 4.0, 16.5, 0.0 ], 
					"rotationOrigin": [ 2.5, -0.4, -1.0 ],
					"rotationX": -1.7075471987482165E-6,
					"faces": {
						"north": { "texture": "#log", "uv": [ 0.0, 2.0, 16.0, 4.0 ], "rotation": 90, "autoUv": false },
						"east": { "texture": "#log", "uv": [ 0.0, 1.0, 16.0, 2.5 ], "rotation": 90, "enabled": false, "autoUv": false },
						"south": { "texture": "#log", "uv": [ 0.0, 2.0, 16.0, 4.0 ], "rotation": 90, "enabled": false, "autoUv": false },
						"west": { "texture": "#log", "uv": [ 0.0, 1.5, 16.0, 3.0 ], "rotation": 90, "enabled": false, "autoUv": false },
						"up": { "texture": "#log", "uv": [ 14.0, 14.0, 16.0, 16.0 ], "enabled": false, "autoUv": false },
						"down": { "texture": "#log", "uv": [ 14.0, 14.0, 16.0, 16.0 ], "enabled": false, "autoUv": false }
					}
				},
				{
					"name": "Inside 75",
					"from": [ 4.0, 0.0, 0.0 ], 
					"to": [ 6.0, 13.5, 0.0 ], 
					"rotationOrigin": [ 4.5, -0.4, -1.0 ],
					"rotationX": -1.7075471987482165E-6,
					"faces": {
						"north": { "texture": "#log", "uv": [ 0.0, 4.0, 13.5, 6.0 ], "rotation": 90 },
						"east": { "texture": "#log", "uv": [ 0.0, 1.0, 16.0, 2.5 ], "rotation": 90, "enabled": false, "autoUv": false },
						"south": { "texture": "#log", "uv": [ 0.0, 4.0, 13.5, 6.0 ], "rotation": 90, "enabled": false },
						"west": { "texture": "#log", "uv": [ 0.0, 1.5, 16.0, 3.0 ], "rotation": 90, "enabled": false, "autoUv": false },
						"up": { "texture": "#log", "uv": [ 14.0, 14.0, 16.0, 16.0 ], "enabled": false, "autoUv": false },
						"down": { "texture": "#log", "uv": [ 14.0, 14.0, 16.0, 16.0 ], "enabled": false, "autoUv": false }
					}
				},
				{
					"name": "Inside 76",
					"from": [ 6.0, 0.0, 0.0 ], 
					"to": [ 8.0, 10.7, 0.0 ], 
					"rotationOrigin": [ 6.5, -0.4, -1.0 ],
					"rotationX": -1.7075471987482165E-6,
					"faces": {
						"north": { "texture": "#log", "uv": [ 0.0, 6.0, 10.5, 8.0 ], "rotation": 90 },
						"east": { "texture": "#log", "uv": [ 0.0, 1.0, 16.0, 2.5 ], "rotation": 90, "enabled": false, "autoUv": false },
						"south": { "texture": "#log", "uv": [ 0.0, 6.0, 10.5, 8.0 ], "rotation": 90, "enabled": false },
						"west": { "texture": "#log", "uv": [ 0.0, 1.5, 16.0, 3.0 ], "rotation": 90, "enabled": false, "autoUv": false },
						"up": { "texture": "#log", "uv": [ 14.0, 14.0, 16.0, 16.0 ], "enabled": false, "autoUv": false },
						"down": { "texture": "#log", "uv": [ 14.0, 14.0, 16.0, 16.0 ], "enabled": false, "autoUv": false }
					}
				},
				{
					"name": "Inside 77",
					"from": [ 8.0, 0.0, 0.0 ], 
					"to": [ 10.0, 8.0, 0.0 ], 
					"rotationOrigin": [ 8.5, -0.4, -1.0 ],
					"rotationX": -1.7075471987482165E-6,
					"faces": {
						"north": { "texture": "#log", "uv": [ 0.0, 8.0, 8.0, 10.0 ], "rotation": 90 },
						"east": { "texture": "#log", "uv": [ 0.0, 1.0, 8.0, 1.5 ], "rotation": 90, "enabled": false, "autoUv": false },
						"south": { "texture": "#log", "uv": [ 0.0, 8.0, 8.0, 10.0 ], "rotation": 90, "enabled": false },
						"west": { "texture": "#log", "uv": [ 0.0, 1.5, 16.0, 3.0 ], "rotation": 90, "enabled": false, "autoUv": false },
						"up": { "texture": "#log", "uv": [ 14.0, 14.0, 16.0, 16.0 ], "enabled": false, "autoUv": false },
						"down": { "texture": "#log", "uv": [ 14.0, 14.0, 16.0, 16.0 ], "enabled": false, "autoUv": false }
					}
				},
				{
					"name": "Inside 78",
					"from": [ 10.0, 0.0, 0.0 ], 
					"to": [ 12.0, 5.0, 0.0 ], 
					"rotationOrigin": [ 10.5, -0.4, -1.0 ],
					"rotationX": -1.7075471987482165E-6,
					"faces": {
						"north": { "texture": "#log", "uv": [ 0.0, 10.0, 5.0, 12.0 ], "rotation": 90 },
						"east": { "texture": "#log", "uv": [ 0.0, 1.0, 5.0, 1.5 ], "rotation": 90, "enabled": false, "autoUv": false },
						"south": { "texture": "#log", "uv": [ 0.0, 10.0, 5.0, 12.0 ], "rotation": 90, "enabled": false },
						"west": { "texture": "#log", "uv": [ 0.0, 1.5, 16.0, 3.0 ], "rotation": 90, "enabled": false, "autoUv": false },
						"up": { "texture": "#log", "uv": [ 14.0, 14.0, 16.0, 16.0 ], "enabled": false, "autoUv": false },
						"down": { "texture": "#log", "uv": [ 14.0, 14.0, 16.0, 16.0 ], "enabled": false, "autoUv": false }
					}
				},
				{
					"name": "Inside 79",
					"from": [ 12.0, 0.0, 0.0 ], 
					"to": [ 14.0, 3.0, 0.0 ], 
					"rotationOrigin": [ 12.5, -0.4, -1.0 ],
					"rotationX": -1.7075471987482165E-6,
					"faces": {
						"north": { "texture": "#log", "uv": [ 0.0, 12.0, 3.0, 14.0 ], "rotation": 90 },
						"east": { "texture": "#log", "uv": [ 0.0, 1.0, 16.0, 2.5 ], "rotation": 90, "enabled": false, "autoUv": false },
						"south": { "texture": "#log", "uv": [ 0.0, 12.0, 3.0, 14.0 ], "rotation": 90, "enabled": false },
						"west": { "texture": "#log", "uv": [ 0.0, 1.5, 16.0, 3.0 ], "rotation": 90, "enabled": false, "autoUv": false },
						"up": { "texture": "#log", "uv": [ 14.0, 14.0, 16.0, 16.0 ], "enabled": false, "autoUv": false },
						"down": { "texture": "#log", "uv": [ 14.0, 14.0, 16.0, 16.0 ], "enabled": false, "autoUv": false }
					}
				}
			]
		}
	]}