{
	"code": "creativegenerator-MV",
	"class": "ElectricalBlock",
	"entityclass": "BEEGenerator",
	"entityBehaviors": [ { "name": "Animatable" } ],
	"creativeinventory": {
		"general": [ "*-east" ],
		
	},
	"attributes": {
		"capacitance": 4,
		"maxVolts": 32,
		"maxAmps": 2,
		"genAmps": 2,
		"distributionFaces": [ "north" ]
	},
	"variantgroups": [

		{
			"code": "side",
			"loadFromProperties": "abstract/horizontalorientation"
		}
	],

	"behaviors": [
		{
			"name": "HorizontalOrientable",
			"properties": { "dropBlockFace": "east" }
		}
	],
	"blockmaterial": "Metal",
	"drawtype": "json",
	"shape": { "base": "block/generator" },
	"shapeByType": {
		"*-north": {
			"base": "block/generator",
			"rotateY": 0
		},
		"*-east": {
			"base": "block/generator",
			"rotateY": 270
		},
		"*-west": {
			"base": "block/generator",
			"rotateY": 90
		},
		"*-south": {
			"base": "block/generator",
			"rotateY": 180
		}
	},
	"resistance": 1,
	"sideAo": { "all": false },
	"sidesolid": {
		"all": false
	},
	"sideopaque": {
		"all": false
	},
	"sounds": {
		"place": "game:block/anvil",
		"walk": "game:walk/stone"
	}


}