{
	"code": "temporalpocket",
	"entityclass": "BETemporalPocket",
	"class": "BlockTemporalPocket",
	"attributes": {
		"partialAttachable": true,
		"inventoryClassName": "BlockTemporalPocket",
		"types": [ "normal-generic" ],
		"quantitySlots": { "normal-generic": 16 },
		"storageType": { "normal-generic": 169 },
		"dialogTitleLangCode": {
			"normal-generic": "pocketcontents"
		},
		"typedOpenSound": { "normal-generic": "sounds/block/largechestopen" },
		"typedCloseSound": { "normal-generic": "sounds/block/largechestclose" },
		
	},
	"behaviors": [
		
		{ "name": "Container" },
		{
			"name": "HorizontalOrientable",
			"properties": { "dropBlockFace": "east" }
		}
	],
	"variantgroups": [
		{
			"code": "side",
			"loadFromProperties": "abstract/horizontalorientation"
		}
	],
	"creativeinventory": {
		"general": [ "*-east" ],
		"qptech": [ "*-east" ]
	},
	"blockmaterial": "Metal",
	"shape": { "base": "block/itemhatch" },
	"shapeByType": {
		"*-north": {
			"base": "block/itemhatch",
			"rotateY": 0
		},
		"*-east": {
			"base": "block/itemhatch",
			"rotateY": 270
		},
		"*-west": {
			"base": "block/itemhatch",
			"rotateY": 90
		},
		"*-south": {
			"base": "block/itemhatch",
			"rotateY": 180
		}
	},
	"drawtype": "json",
	"texturesByType": {
		"*": {
			"all": { "base": "block/machinery" }
		}

	},
	"resistance": 1,
	"sideopaque": {
		"all": false
	},

	"sounds": {
		"place": "game:block/anvil",
		"walk": "game:walk/stone"
	},
	

}