{
	code: "wireplate",
	class: "BlockWire",
	entityclass: "BEEWire",
	variantgroups: [
		{ code: "type", states: ["tin-4a", "tin-2a"] }
	],
	creativeinventory: {
		"general": [ "*" ],
		"qptech": [ "*" ]
	},
	attributesByType: {
		"*tin-4a":{maxAmps:4,maxVolts:16,capacitance:4},
		"*tin-2a":{maxAmps:2,maxVolts:16,capacitance:2}
	},
	blockmaterial: "Metal",
	drawtype: "json",
	shape: { base: "block/wireplate-{type}" },
	resistance: 1,
	sideopaque: {
		all: false
	},
	selectionBox: { x1: 0, y1: 0, z1: 0, x2: 1, y2: 0.25, z2: 1 },
	collisionBox: { x1: 0, y1: 0, z1: 0, x2: 1, y2: 0.25, z2: 1 },
	sounds: {
		"place": "game:block/anvil",
		"walk": "game:walk/stone"
	}


}